corpus,signal,signal_sd,failed,discarded_16,discarded_64,discarded_256
motor imagery,eegbci_s1_r4_Fc5,5.656517291830283e-05,False,0.9679743795036029,0.1332263242375602,0.0
motor imagery,eegbci_s1_r4_Fc3,5.491780794312078e-05,False,0.9643714971977582,0.0914927768860353,0.0
motor imagery,eegbci_s1_r4_Fc1,5.558421202083825e-05,False,0.9575660528422738,0.0754414125200642,0.0
motor imagery,eegbci_s1_r4_Fcz,5.671186106486014e-05,False,0.9587670136108887,0.0754414125200642,0.0
motor imagery,eegbci_s1_r4_Fc2,5.2818553325488755e-05,False,0.9699759807846277,0.0882825040128411,0.0
motor imagery,eegbci_s1_r4_Fc4,4.6340256914884495e-05,False,0.9823859087269816,0.14446227929374,0.0
motor imagery,eegbci_s1_r4_Fc6,4.049494775586209e-05,False,0.9955964771817454,0.2536115569823435,0.0
motor imagery,eegbci_s1_r4_C5,5.23932535093737e-05,False,0.9735788630904724,0.1348314606741573,0.0
motor imagery,eegbci_s2_r4_Fc5,2.331988927306064e-05,False,0.9983726606997559,0.8384991843393148,0.08552631578947367
motor imagery,eegbci_s2_r4_Fc3,2.0464351453314347e-05,True,1.0,0.8189233278955954,0.06578947368421051
motor imagery,eegbci_s2_r4_Fc1,2.0146067427849023e-05,True,1.0,0.7601957585644372,0.03289473684210531
motor imagery,eegbci_s2_r4_Fcz,2.075503636143195e-05,True,1.0,0.7275693311582382,0.03289473684210531
motor imagery,eegbci_s2_r4_Fc2,1.9862204516599376e-05,True,1.0,0.7716150081566069,0.07236842105263153
motor imagery,eegbci_s2_r4_Fc4,1.912460443774221e-05,True,1.0,0.8205546492659054,0.05921052631578949
motor imagery,eegbci_s2_r4_Fc6,2.0043707878956547e-05,False,0.999593165174939,0.8629690048939641,0.125
motor imagery,eegbci_s2_r4_C5,2.3244585141263205e-05,False,0.9991863303498779,0.8613376835236541,0.07894736842105265
motor imagery,eegbci_s3_r4_Fc5,5.984834328325221e-05,False,0.9487590072057646,0.1091492776886035,0.0
motor imagery,eegbci_s3_r4_Fc3,5.636718364119321e-05,False,0.9487590072057646,0.0979133226324238,0.0
motor imagery,eegbci_s3_r4_Fc1,5.458243914218198e-05,False,0.9511609287429944,0.0947030497592295,0.0
motor imagery,eegbci_s3_r4_Fcz,5.384632123775959e-05,False,0.9531625300240192,0.1203852327447833,0.0
motor imagery,eegbci_s3_r4_Fc2,5.200310133903073e-05,False,0.9599679743795037,0.1428571428571429,0.0
motor imagery,eegbci_s3_r4_Fc4,4.8194214714942704e-05,False,0.9743795036028823,0.2664526484751204,0.0
motor imagery,eegbci_s3_r4_Fc6,4.875761429456429e-05,False,0.9755804643714971,0.2680577849117175,0.0
motor imagery,eegbci_s3_r4_C5,5.281040997369742e-05,False,0.9615692554043235,0.1653290529695024,0.0
motor imagery,eegbci_s4_r4_Fc5,4.2057272895547625e-05,False,0.983319772172498,0.5448613376835236,0.0
motor imagery,eegbci_s4_r4_Fc3,3.846706293056328e-05,False,0.985353946297803,0.5938009787928222,0.0
motor imagery,eegbci_s4_r4_Fc1,4.258411375429958e-05,False,0.9869812855980472,0.5252854812398042,0.0
motor imagery,eegbci_s4_r4_Fcz,3.711818664937994e-05,False,0.9886086248982913,0.7161500815660685,0.006578947368421018
motor imagery,eegbci_s4_r4_Fc2,3.706503025426727e-05,False,0.9886086248982913,0.7063621533442088,0.0
motor imagery,eegbci_s4_r4_Fc4,4.282122759106986e-05,False,0.9755899104963385,0.6965742251223491,0.013157894736842146
motor imagery,eegbci_s4_r4_Fc6,4.2415873484695835e-05,False,0.9764035801464606,0.7030995106035889,0.013157894736842146
motor imagery,eegbci_s4_r4_C5,3.4372543266484786e-05,False,0.9983726606997559,0.6982055464926591,0.006578947368421018
motor imagery,eegbci_s5_r4_Fc5,6.868552305904188e-05,False,0.9650122050447518,0.09624796084828713,0.0
motor imagery,eegbci_s5_r4_Fc3,3.5335959888096294e-05,False,0.9943043124491456,0.6541598694942904,0.013157894736842146
motor imagery,eegbci_s5_r4_Fc1,4.9275948131657575e-05,False,0.9963384865744508,0.6247960848287113,0.013157894736842146
motor imagery,eegbci_s5_r4_Fcz,4.581952039617736e-05,False,0.9967453213995118,0.5856443719412725,0.0
motor imagery,eegbci_s5_r4_Fc2,3.6720126881364635e-05,False,0.9979658258746948,0.5938009787928222,0.013157894736842146
motor imagery,eegbci_s5_r4_Fc4,4.471073507126648e-05,False,0.9979658258746948,0.42740619902120713,0.0
motor imagery,eegbci_s5_r4_Fc6,4.359654048448434e-05,False,0.999593165174939,0.5040783034257749,0.0
motor imagery,eegbci_s5_r4_C5,4.214405794495138e-05,False,0.9971521562245729,0.6052202283849919,0.0
motor imagery,eegbci_s6_r4_Fc5,2.6458209244885534e-05,False,0.9983726606997559,0.7177814029363785,0.006578947368421018
motor imagery,eegbci_s6_r4_Fc3,2.1456734339158484e-05,False,0.9991863303498779,0.7438825448613378,0.03289473684210531
motor imagery,eegbci_s6_r4_Fc1,2.1618775771352226e-05,False,0.9991863303498779,0.7455138662316476,0.02631578947368418
motor imagery,eegbci_s6_r4_Fcz,2.0666408851946387e-05,False,0.999593165174939,0.7520391517128875,0.02631578947368418
motor imagery,eegbci_s6_r4_Fc2,2.0579751571159688e-05,False,0.999593165174939,0.7862969004893964,0.046052631578947345
motor imagery,eegbci_s6_r4_Fc4,2.0458604678196965e-05,False,0.999593165174939,0.802610114192496,0.052631578947368474
motor imagery,eegbci_s6_r4_Fc6,2.1494226561347507e-05,True,1.0,0.8140293637846656,0.02631578947368418
motor imagery,eegbci_s6_r4_C5,2.392469075047461e-05,False,0.999593165174939,0.6965742251223491,0.013157894736842146
motor imagery,eegbci_s7_r4_Fc5,4.055306572677335e-05,False,0.9943955164131305,0.5762439807383628,0.006451612903225823
motor imagery,eegbci_s7_r4_Fc3,4.110909685212629e-05,False,0.9915932746196957,0.5409309791332263,0.006451612903225823
motor imagery,eegbci_s7_r4_Fc1,4.1318252257295435e-05,False,0.9915932746196957,0.5280898876404494,0.012903225806451646
motor imagery,eegbci_s7_r4_Fcz,4.0639564361715294e-05,False,0.9947958366693355,0.5955056179775281,0.012903225806451646
motor imagery,eegbci_s7_r4_Fc2,4.09570151958123e-05,False,0.9931945556445156,0.579454253611557,0.012903225806451646
motor imagery,eegbci_s7_r4_Fc4,4.05405646512231e-05,False,0.9947958366693355,0.5971107544141252,0.012903225806451646
motor imagery,eegbci_s7_r4_Fc6,3.832991854410207e-05,False,0.9991993594875901,0.6757624398073836,0.012903225806451646
motor imagery,eegbci_s7_r4_C5,4.206660279815212e-05,False,0.9963971176941553,0.6902086677367576,0.012903225806451646
motor imagery,eegbci_s8_r4_Fc5,3.648027884256403e-05,False,0.9934906427990235,0.6182707993474714,0.0
motor imagery,eegbci_s8_r4_Fc3,3.2596872968044766e-05,False,0.9947111472742066,0.5628058727569332,0.0
motor imagery,eegbci_s8_r4_Fc1,3.291533636558628e-05,False,0.9943043124491456,0.5269168026101142,0.0
motor imagery,eegbci_s8_r4_Fcz,3.0318310725650962e-05,False,0.9951179820992677,0.5970636215334422,0.0
motor imagery,eegbci_s8_r4_Fc2,3.052728957869463e-05,False,0.9951179820992677,0.5905383360522023,0.0
motor imagery,eegbci_s8_r4_Fc4,3.0585966282024047e-05,False,0.9951179820992677,0.5938009787928222,0.0
motor imagery,eegbci_s8_r4_Fc6,3.31194886620796e-05,False,0.9967453213995118,0.6411092985318108,0.0
motor imagery,eegbci_s8_r4_C5,3.5146713654680515e-05,False,0.9991863303498779,0.6264274061990212,0.0
motor imagery,eegbci_s9_r4_Fc5,0.0001206853518081255,False,0.8262815296989422,0.06525285481239806,0.0
motor imagery,eegbci_s9_r4_Fc3,9.446338629469174e-05,False,0.9133441822620016,0.17781402936378465,0.0
motor imagery,eegbci_s9_r4_Fc1,8.578149490859738e-05,False,0.9206672091131001,0.17292006525285486,0.0
motor imagery,eegbci_s9_r4_Fcz,8.796288626815082e-05,False,0.9182262001627339,0.1615008156606852,0.0
motor imagery,eegbci_s9_r4_Fc2,8.461603847896497e-05,False,0.9397884458909682,0.21859706362153342,0.0
motor imagery,eegbci_s9_r4_Fc4,9.126242099206217e-05,False,0.9414157851912124,0.18923327895595432,0.0
motor imagery,eegbci_s9_r4_Fc6,0.00013396335232629,False,0.8108218063466233,0.03262642740619903,0.0
motor imagery,eegbci_s9_r4_C5,9.994187761287342e-05,False,0.9434499593165175,0.18597063621533438,0.0
motor imagery,eegbci_s10_r4_Fc5,0.0001395413406264596,False,0.9662327095199349,0.11092985318107662,0.0
motor imagery,eegbci_s10_r4_Fc3,8.056870444161073e-05,False,0.9637917005695688,0.1468189233278956,0.0
motor imagery,eegbci_s10_r4_Fc1,9.645091138655368e-05,False,0.9084621643612694,0.02610114192495927,0.0
motor imagery,eegbci_s10_r4_Fcz,0.00010605277569122206,False,0.9283970707892596,0.0538336052202284,0.0
motor imagery,eegbci_s10_r4_Fc2,7.488982655217941e-05,False,0.951993490642799,0.11582381729200653,0.0
motor imagery,eegbci_s10_r4_Fc4,7.005364058512736e-05,False,0.967046379170057,0.12398042414355626,0.0
motor imagery,eegbci_s10_r4_Fc6,0.00014352024242808087,False,0.983319772172498,0.15986949429037522,0.0
motor imagery,eegbci_s10_r4_C5,9.406109692152122e-05,False,0.9800650935720098,0.1810766721044046,0.0
Sleep-EDF,sleepedf_s0_r1_Fpz-Cz_e0,3.216902300335546e-05,False,0.9983987189751802,0.4077046548956661,0.0
Sleep-EDF,sleepedf_s0_r1_Fpz-Cz_e1,3.057780683216358e-05,False,0.9943955164131305,0.4606741573033708,0.006451612903225823
Sleep-EDF,sleepedf_s0_r1_Fpz-Cz_e2,3.8826561899430404e-05,False,0.9991993594875901,0.1605136436597111,0.0
Sleep-EDF,sleepedf_s0_r1_Fpz-Cz_e3,2.1986923779124457e-05,True,1.0,0.6340288924558588,0.006451612903225823
Sleep-EDF,sleepedf_s0_r1_Fpz-Cz_e4,3.10512444789349e-05,False,0.9947958366693355,0.4686998394863563,0.0
Sleep-EDF,sleepedf_s0_r1_Pz-Oz_e0,1.0661506994769306e-05,True,1.0,0.9871589085072231,0.16774193548387095
Sleep-EDF,sleepedf_s0_r1_Pz-Oz_e1,9.693992986506079e-06,True,1.0,0.9759229534510433,0.31612903225806455
Sleep-EDF,sleepedf_s0_r1_Pz-Oz_e2,2.3120473830540887e-05,True,1.0,0.478330658105939,0.0
Sleep-EDF,sleepedf_s0_r1_Pz-Oz_e3,6.47750315467031e-06,True,1.0,0.9967897271268058,0.6129032258064516
Sleep-EDF,sleepedf_s0_r1_Pz-Oz_e4,9.161331500085658e-06,True,1.0,0.9871589085072231,0.3096774193548387
Sleep-EDF,sleepedf_s1_r1_Fpz-Cz_e0,2.6606631381490692e-05,False,0.9915932746196957,0.5537720706260032,0.01935483870967747
Sleep-EDF,sleepedf_s1_r1_Fpz-Cz_e1,2.8774236965592408e-05,True,1.0,0.1974317817014446,0.0
Sleep-EDF,sleepedf_s1_r1_Fpz-Cz_e2,2.3944901723085282e-05,False,0.999599679743795,0.4365971107544141,0.0
Sleep-EDF,sleepedf_s1_r1_Fpz-Cz_e3,3.348858211242681e-05,False,0.9915932746196957,0.4157303370786517,0.0
Sleep-EDF,sleepedf_s1_r1_Fpz-Cz_e4,2.7580626227503247e-05,False,0.9923939151321057,0.6051364365971108,0.01935483870967747
Sleep-EDF,sleepedf_s1_r1_Pz-Oz_e0,8.790693320284702e-06,True,1.0,0.9839486356340289,0.49677419354838714
Sleep-EDF,sleepedf_s1_r1_Pz-Oz_e1,1.8060147172182888e-05,True,1.0,0.6404494382022472,0.0
Sleep-EDF,sleepedf_s1_r1_Pz-Oz_e2,1.4019101106069449e-05,True,1.0,0.8314606741573034,0.05161290322580647
Sleep-EDF,sleepedf_s1_r1_Pz-Oz_e3,1.3020576841753657e-05,True,1.0,0.9967897271268058,0.367741935483871
Sleep-EDF,sleepedf_s1_r1_Pz-Oz_e4,8.836443070494617e-06,True,1.0,0.9839486356340289,0.6
Sleep-EDF,sleepedf_s2_r1_Fpz-Cz_e0,1.7642726780973526e-05,True,1.0,0.78330658105939,0.22580645161290325
Sleep-EDF,sleepedf_s2_r1_Fpz-Cz_e1,2.3116940664380167e-05,True,1.0,0.3162118780096308,0.006451612903225823
Sleep-EDF,sleepedf_s2_r1_Fpz-Cz_e2,7.809800016119787e-06,True,1.0,0.9823434991974318,0.43870967741935485
Sleep-EDF,sleepedf_s2_r1_Fpz-Cz_e3,1.673247525298672e-05,True,1.0,0.8105939004815409,0.10967741935483866
Sleep-EDF,sleepedf_s2_r1_Fpz-Cz_e4,1.3766276630252952e-05,True,1.0,0.8459069020866774,0.05161290322580647
Sleep-EDF,sleepedf_s2_r1_Pz-Oz_e0,1.374480030679069e-05,True,1.0,0.985553772070626,0.4258064516129032
Sleep-EDF,sleepedf_s2_r1_Pz-Oz_e1,2.8769591377855033e-05,False,0.999599679743795,0.3451043338683788,0.006451612903225823
Sleep-EDF,sleepedf_s2_r1_Pz-Oz_e2,7.420986033405459e-06,True,1.0,0.9887640449438202,0.5032258064516129
Sleep-EDF,sleepedf_s2_r1_Pz-Oz_e3,1.643976895904185e-05,True,1.0,0.9871589085072231,0.31612903225806455
Sleep-EDF,sleepedf_s2_r1_Pz-Oz_e4,2.184722246852665e-05,True,1.0,0.9871589085072231,0.3290322580645161
Sleep-EDF,sleepedf_s3_r1_Fpz-Cz_e0,1.62168827919947e-05,True,1.0,0.752808988764045,0.0903225806451613
Sleep-EDF,sleepedf_s3_r1_Fpz-Cz_e1,9.789384754865999e-06,True,1.0,0.9454253611556982,0.3612903225806452
Sleep-EDF,sleepedf_s3_r1_Fpz-Cz_e2,1.9554940230832583e-05,True,1.0,0.5714285714285714,0.0
Sleep-EDF,sleepedf_s3_r1_Fpz-Cz_e3,1.3577610218817244e-05,True,1.0,0.8426966292134832,0.25161290322580643
Sleep-EDF,sleepedf_s3_r1_Fpz-Cz_e4,1.7395140385019722e-05,True,1.0,0.7656500802568218,0.032258064516129004
Sleep-EDF,sleepedf_s3_r1_Pz-Oz_e0,2.0844158866867492e-05,True,1.0,0.9454253611556982,0.17419354838709677
Sleep-EDF,sleepedf_s3_r1_Pz-Oz_e1,1.9425241575666265e-05,True,1.0,0.9775280898876404,0.19999999999999996
Sleep-EDF,sleepedf_s3_r1_Pz-Oz_e2,2.555114620006192e-05,True,1.0,0.4590690208667737,0.0
Sleep-EDF,sleepedf_s3_r1_Pz-Oz_e3,2.229612200246131e-05,False,0.999599679743795,0.8667736757624398,0.11612903225806448
Sleep-EDF,sleepedf_s3_r1_Pz-Oz_e4,2.4563909386965784e-05,True,1.0,0.9004815409309791,0.08387096774193548
Sleep-EDF,sleepedf_s4_r1_Fpz-Cz_e0,3.464139412050526e-05,False,0.9907926341072858,0.3290529695024077,0.0
Sleep-EDF,sleepedf_s4_r1_Fpz-Cz_e1,3.358489776297074e-05,False,0.9987990392313851,0.3579454253611557,0.0
Sleep-EDF,sleepedf_s4_r1_Fpz-Cz_e2,2.4938211624872886e-05,True,1.0,0.4478330658105939,0.0
Sleep-EDF,sleepedf_s4_r1_Fpz-Cz_e3,7.992452344411776e-06,True,1.0,0.9887640449438202,0.2967741935483871
Sleep-EDF,sleepedf_s4_r1_Fpz-Cz_e4,2.9518976377392176e-05,False,0.9903923138510808,0.5537720706260032,0.012903225806451646
Sleep-EDF,sleepedf_s4_r1_Pz-Oz_e0,8.669746770434223e-06,True,1.0,0.9983948635634029,0.3935483870967742
Sleep-EDF,sleepedf_s4_r1_Pz-Oz_e1,6.732974209233984e-06,True,1.0,0.9967897271268058,0.5548387096774193
Sleep-EDF,sleepedf_s4_r1_Pz-Oz_e2,1.4065648163447729e-05,True,1.0,0.8186195826645265,0.10967741935483866
Sleep-EDF,sleepedf_s4_r1_Pz-Oz_e3,5.271811906257945e-06,True,1.0,0.9983948635634029,0.8064516129032258
Sleep-EDF,sleepedf_s4_r1_Pz-Oz_e4,1.2073358583170773e-05,True,1.0,0.9791332263242376,0.4
Sleep-EDF,sleepedf_s5_r1_Fpz-Cz_e0,5.212225921276694e-05,False,0.9551641313050441,0.0995184590690209,0.0
Sleep-EDF,sleepedf_s5_r1_Fpz-Cz_e1,5.238701389287637e-05,False,0.955564451561249,0.1861958266452648,0.0
Sleep-EDF,sleepedf_s5_r1_Fpz-Cz_e2,3.1556084656523925e-05,False,0.9987990392313851,0.2327447833065811,0.0
Sleep-EDF,sleepedf_s5_r1_Fpz-Cz_e3,5.021614371112999e-05,False,0.9571657325860689,0.2070626003210273,0.012903225806451646
Sleep-EDF,sleepedf_s5_r1_Fpz-Cz_e4,5.9047523780860216e-05,False,0.9255404323458767,0.0786516853932584,0.0
Sleep-EDF,sleepedf_s5_r1_Pz-Oz_e0,2.485216306217385e-05,True,1.0,0.3515248796147673,0.0
Sleep-EDF,sleepedf_s5_r1_Pz-Oz_e1,1.4008598322025771e-05,True,1.0,0.9598715890850722,0.10967741935483866
Sleep-EDF,sleepedf_s5_r1_Pz-Oz_e2,1.829752852814332e-05,True,1.0,0.6645264847512038,0.012903225806451646
Sleep-EDF,sleepedf_s5_r1_Pz-Oz_e3,1.9569655769778854e-05,False,0.9991993594875901,0.8202247191011236,0.058064516129032295
Sleep-EDF,sleepedf_s5_r1_Pz-Oz_e4,2.067465714986894e-05,False,0.9979983987189752,0.6292134831460674,0.032258064516129004
Sleep-EDF,sleepedf_s6_r1_Fpz-Cz_e0,2.8599191738739857e-05,False,0.9811849479583667,0.6195826645264848,0.02580645161290318
Sleep-EDF,sleepedf_s6_r1_Fpz-Cz_e1,5.096225295589016e-05,False,0.9371497197758206,0.1813804173354735,0.0
Sleep-EDF,sleepedf_s6_r1_Fpz-Cz_e2,1.4849658301569726e-05,False,0.9991993594875901,0.8202247191011236,0.08387096774193548
Sleep-EDF,sleepedf_s6_r1_Fpz-Cz_e3,3.976586532478466e-05,False,0.9695756605284227,0.5040128410914928,0.01935483870967747
Sleep-EDF,sleepedf_s6_r1_Fpz-Cz_e4,5.798548151133508e-05,False,0.9059247397918335,0.1332263242375602,0.0
Sleep-EDF,sleepedf_s6_r1_Pz-Oz_e0,7.015995979738959e-06,True,1.0,0.9983948635634029,0.4
Sleep-EDF,sleepedf_s6_r1_Pz-Oz_e1,1.2487751101712005e-05,True,1.0,0.9871589085072231,0.18709677419354842
Sleep-EDF,sleepedf_s6_r1_Pz-Oz_e2,4.452527746903584e-06,True,1.0,0.9951845906902087,0.8903225806451613
Sleep-EDF,sleepedf_s6_r1_Pz-Oz_e3,7.016770585299175e-06,True,1.0,0.9935794542536116,0.5548387096774193
Sleep-EDF,sleepedf_s6_r1_Pz-Oz_e4,1.182120120767146e-05,True,1.0,0.9357945425361156,0.2451612903225806
Sleep-EDF,sleepedf_s7_r1_Fpz-Cz_e0,2.075145587539123e-05,True,1.0,0.5762439807383628,0.03870967741935483
Sleep-EDF,sleepedf_s7_r1_Fpz-Cz_e1,1.5415104299924946e-05,True,1.0,0.8138041733547352,0.0903225806451613
Sleep-EDF,sleepedf_s7_r1_Fpz-Cz_e2,9.495644649180501e-06,True,1.0,0.9614767255216693,0.25806451612903225
Sleep-EDF,sleepedf_s7_r1_Fpz-Cz_e3,1.9623967175160735e-05,False,0.9983987189751802,0.725521669341894,0.03870967741935483
Sleep-EDF,sleepedf_s7_r1_Fpz-Cz_e4,2.4952376882065637e-05,False,0.9971977582065652,0.6452648475120385,0.012903225806451646
Sleep-EDF,sleepedf_s7_r1_Pz-Oz_e0,1.4166940808679733e-05,True,1.0,0.7479935794542536,0.13548387096774195
Sleep-EDF,sleepedf_s7_r1_Pz-Oz_e1,1.3732566088775202e-05,True,1.0,0.9935794542536116,0.4903225806451613
Sleep-EDF,sleepedf_s7_r1_Pz-Oz_e2,8.871415505346697e-06,True,1.0,0.9839486356340289,0.5096774193548388
Sleep-EDF,sleepedf_s7_r1_Pz-Oz_e3,1.157253414696581e-05,True,1.0,1.0,0.6709677419354838
Sleep-EDF,sleepedf_s7_r1_Pz-Oz_e4,1.1143203558152835e-05,True,1.0,1.0,0.4838709677419355
