signal,package,multiplier,max_abs_drift,delta_h,failed
eegbci_s1_r4_Fc5,MFDFA,1000000.0,0.17993011519089563,18.26399285286564,False
eegbci_s1_r4_Fc5,MFDFA,1000.0,0.050629167451091917,18.420609004833825,False
eegbci_s1_r4_Fc5,MFDFA,1.0,0.0,18.38786529336811,False
eegbci_s1_r4_Fc5,MFDFA,0.001,0.11249503638000746,18.3076581122883,False
eegbci_s1_r4_Fc5,MFDFA,0.0001,0.21578299071594742,18.191025000118685,False
eegbci_s1_r4_Fc5,MFDFA,1e-05,0.2680131295091428,18.19403725589862,False
eegbci_s1_r4_Fc5,MFDFA,1e-06,0.10322164818776258,18.491086941555874,False
eegbci_s1_r4_Fc5,neurokit2,1000000.0,0.6633899878446894,0.03659179027269488,False
eegbci_s1_r4_Fc5,neurokit2,1000.0,0.663389987844692,0.036591790272695324,False
eegbci_s1_r4_Fc5,neurokit2,1.0,0.0,0.4787928517611819,False
eegbci_s1_r4_Fc5,neurokit2,0.001,,,True
eegbci_s1_r4_Fc5,neurokit2,0.0001,,,True
eegbci_s1_r4_Fc5,neurokit2,1e-05,,,True
eegbci_s1_r4_Fc5,neurokit2,1e-06,,,True
eegbci_s1_r4_Fc5,fdnkit,1000000.0,7.033662541289232e-10,2.4947403887370525,False
eegbci_s1_r4_Fc5,fdnkit,1000.0,7.026601522852616e-10,2.4947403887363477,False
eegbci_s1_r4_Fc5,fdnkit,1.0,0.0,2.494740388035348,False
eegbci_s1_r4_Fc5,fdnkit,0.001,7.026628052742012e-07,2.4947396870326806,False
eegbci_s1_r4_Fc5,fdnkit,0.0001,7.032904471238055e-06,2.4947333717472135,False
eegbci_s1_r4_Fc5,fdnkit,1e-05,7.032998664691092e-05,2.4946702242269945,False
eegbci_s1_r4_Fc5,fdnkit,1e-06,0.0007027680244982015,2.494039281805208,False
eegbci_s1_r4_Fc5,fdnkit_unguarded,1000000.0,6.0341015703335685,17.631942037474122,False
eegbci_s1_r4_Fc5,fdnkit_unguarded,1000.0,3.305848764066994,14.903689231207448,False
eegbci_s1_r4_Fc5,fdnkit_unguarded,1.0,0.0,11.597840467142223,False
eegbci_s1_r4_Fc5,fdnkit_unguarded,0.001,3.305848763807413,8.291991705104866,False
eegbci_s1_r4_Fc5,fdnkit_unguarded,0.0001,4.407798349488687,7.190042135369836,False
eegbci_s1_r4_Fc5,fdnkit_unguarded,1e-05,5.509747914078357,6.088092730221269,False
eegbci_s1_r4_Fc5,fdnkit_unguarded,1e-06,6.611697265643388,4.986144970933681,False
eegbci_s1_r4_Fc5,nolds,1000000.0,1.9984014443252818e-15,0.0,False
eegbci_s1_r4_Fc5,nolds,1000.0,1.3322676295501878e-15,0.0,False
eegbci_s1_r4_Fc5,nolds,1.0,0.0,0.0,False
eegbci_s1_r4_Fc5,nolds,0.001,2.220446049250313e-16,0.0,False
eegbci_s1_r4_Fc5,nolds,0.0001,2.220446049250313e-16,0.0,False
eegbci_s1_r4_Fc5,nolds,1e-05,2.220446049250313e-16,0.0,False
eegbci_s1_r4_Fc5,nolds,1e-06,8.881784197001252e-16,0.0,False
eegbci_s1_r4_Fc5,fathon,1000000.0,0.01924408272230238,14.624780985288668,False
eegbci_s1_r4_Fc5,fathon,1000.0,0.06176607584979621,14.663057314352248,False
eegbci_s1_r4_Fc5,fathon,1.0,0.0,14.644025068010968,False
eegbci_s1_r4_Fc5,fathon,0.001,0.1133710608008478,14.530654007210122,False
eegbci_s1_r4_Fc5,fathon,0.0001,0.07988565681815629,14.564559364535533,False
eegbci_s1_r4_Fc5,fathon,1e-05,0.09988216104092196,14.544142906970048,False
eegbci_s1_r4_Fc5,fathon,1e-06,0.08772667827286895,14.556298389738103,False
