signal,package,q,hq,hq_truth
eegbci_s1_r4_Fc5,MFDFA,-5.0,19.510609233929305,
eegbci_s1_r4_Fc5,MFDFA,-3.0,19.19059802064887,
eegbci_s1_r4_Fc5,MFDFA,-2.0,18.743911161969045,
eegbci_s1_r4_Fc5,MFDFA,-1.0,17.35654955902515,
eegbci_s1_r4_Fc5,MFDFA,1.0,1.1227439405611936,
eegbci_s1_r4_Fc5,MFDFA,2.0,1.134897635248809,
eegbci_s1_r4_Fc5,MFDFA,3.0,1.154146004458384,
eegbci_s1_r4_Fc5,MFDFA,5.0,1.1819884475801468,
eegbci_s1_r4_Fc5,neurokit2,-5.0,0.4872027201246314,
eegbci_s1_r4_Fc5,neurokit2,-3.0,0.5582676388935469,
eegbci_s1_r4_Fc5,neurokit2,-2.0,0.602147676384249,
eegbci_s1_r4_Fc5,neurokit2,-1.0,0.6513069391300254,
eegbci_s1_r4_Fc5,neurokit2,1.0,0.7643270973184741,
eegbci_s1_r4_Fc5,neurokit2,2.0,0.8252612956410458,
eegbci_s1_r4_Fc5,neurokit2,3.0,0.8825718028396592,
eegbci_s1_r4_Fc5,neurokit2,5.0,0.9659955718858133,
eegbci_s1_r4_Fc5,fdnkit,-5.0,3.6231183635117308,
eegbci_s1_r4_Fc5,fdnkit,-3.0,3.3589211044350153,
eegbci_s1_r4_Fc5,fdnkit,-2.0,2.9644843710252697,
eegbci_s1_r4_Fc5,fdnkit,-1.0,1.8082202618848982,
eegbci_s1_r4_Fc5,fdnkit,1.0,1.128377975476383,
eegbci_s1_r4_Fc5,fdnkit,2.0,1.1315681322460975,
eegbci_s1_r4_Fc5,fdnkit,3.0,1.1382202029499755,
eegbci_s1_r4_Fc5,fdnkit,5.0,1.1452529527667543,
eegbci_s1_r4_Fc5,fdnkit_unguarded,-5.0,12.726219905867229,
eegbci_s1_r4_Fc5,fdnkit_unguarded,-3.0,12.528220199469464,
eegbci_s1_r4_Fc5,fdnkit_unguarded,-2.0,12.173881965075163,
eegbci_s1_r4_Fc5,fdnkit_unguarded,-1.0,10.90894321062623,
eegbci_s1_r4_Fc5,fdnkit_unguarded,1.0,1.1283794387250052,
eegbci_s1_r4_Fc5,fdnkit_unguarded,2.0,1.1315681327165907,
eegbci_s1_r4_Fc5,fdnkit_unguarded,3.0,1.1382202029501327,
eegbci_s1_r4_Fc5,fdnkit_unguarded,5.0,1.1452529527667543,
eegbci_s1_r4_Fc5,nolds,-5.0,,
eegbci_s1_r4_Fc5,nolds,-3.0,,
eegbci_s1_r4_Fc5,nolds,-2.0,,
eegbci_s1_r4_Fc5,nolds,-1.0,,
eegbci_s1_r4_Fc5,nolds,1.0,,
eegbci_s1_r4_Fc5,nolds,2.0,,
eegbci_s1_r4_Fc5,nolds,3.0,,
eegbci_s1_r4_Fc5,nolds,5.0,,
eegbci_s1_r4_Fc5,fathon,-5.0,15.772404506737644,
eegbci_s1_r4_Fc5,fathon,-3.0,15.46739665906312,
eegbci_s1_r4_Fc5,fathon,-2.0,15.041396722112921,
eegbci_s1_r4_Fc5,fathon,-1.0,13.709990201671703,
eegbci_s1_r4_Fc5,fathon,1.0,1.1283794387266743,
eegbci_s1_r4_Fc5,fathon,2.0,1.1315681327180263,
eegbci_s1_r4_Fc5,fathon,3.0,1.1382202029513913,
eegbci_s1_r4_Fc5,fathon,5.0,1.1452529527677608,
