signal,package,delta_h,flat_runs,flat_fraction,error
eegbci_s1_r4_Fc5,MFDFA,18.38786529336811,1,0.004,
eegbci_s1_r4_Fc5,neurokit2,0.4787928517611819,1,0.004,
eegbci_s1_r4_Fc5,fdnkit,2.494740388035348,1,0.004,
eegbci_s1_r4_Fc5,fdnkit_unguarded,11.597840467142223,1,0.004,
eegbci_s1_r4_Fc5,fathon,14.644025068010968,1,0.004,
eegbci_s1_r4_Fc3,MFDFA,17.180097569865016,1,0.004,
eegbci_s1_r4_Fc3,neurokit2,0.3916465456881576,1,0.004,
eegbci_s1_r4_Fc3,fdnkit,2.5710630368592695,1,0.004,
eegbci_s1_r4_Fc3,fdnkit_unguarded,11.722551446771648,1,0.004,
eegbci_s1_r4_Fc3,fathon,13.594948961977751,1,0.004,
eegbci_s1_r4_Fc1,MFDFA,16.884820691910875,1,0.004,
eegbci_s1_r4_Fc1,neurokit2,0.37616436561965305,1,0.004,
eegbci_s1_r4_Fc1,fdnkit,2.5689367660633406,1,0.004,
eegbci_s1_r4_Fc1,fdnkit_unguarded,11.742002260620717,1,0.004,
eegbci_s1_r4_Fc1,fathon,13.525857553106807,1,0.004,
eegbci_s1_r4_Fcz,MFDFA,17.30179284412438,1,0.004,
eegbci_s1_r4_Fcz,neurokit2,0.3667681382576784,1,0.004,
eegbci_s1_r4_Fcz,fdnkit,2.600049218815825,1,0.004,
eegbci_s1_r4_Fcz,fdnkit_unguarded,11.779398552624484,1,0.004,
eegbci_s1_r4_Fcz,fathon,0.010736837217211859,1,0.004,
eegbci_s1_r4_Fc2,MFDFA,18.12923709751154,1,0.004,
eegbci_s1_r4_Fc2,neurokit2,0.3268392612255757,1,0.004,
eegbci_s1_r4_Fc2,fdnkit,2.5855618243286775,1,0.004,
eegbci_s1_r4_Fc2,fdnkit_unguarded,11.747031944837975,1,0.004,
eegbci_s1_r4_Fc2,fathon,13.903956379645468,1,0.004,
eegbci_s1_r4_Fc4,MFDFA,16.917088223006992,1,0.004,
eegbci_s1_r4_Fc4,neurokit2,0.3439163832210891,1,0.004,
eegbci_s1_r4_Fc4,fdnkit,2.5866848209706594,1,0.004,
eegbci_s1_r4_Fc4,fdnkit_unguarded,11.688378457934425,1,0.004,
eegbci_s1_r4_Fc4,fathon,13.620620858939228,1,0.004,
eegbci_s1_r4_Fc6,MFDFA,17.395138135193854,1,0.004,
eegbci_s1_r4_Fc6,neurokit2,0.3472234602558445,1,0.004,
eegbci_s1_r4_Fc6,fdnkit,2.5908146131411254,1,0.004,
eegbci_s1_r4_Fc6,fdnkit_unguarded,11.60671576564827,1,0.004,
eegbci_s1_r4_Fc6,fathon,13.927356189677901,1,0.004,
eegbci_s1_r4_C5,MFDFA,17.294185256104278,1,0.004,
eegbci_s1_r4_C5,neurokit2,0.41487889111946236,1,0.004,
eegbci_s1_r4_C5,fdnkit,2.542932303568898,1,0.004,
eegbci_s1_r4_C5,fdnkit_unguarded,11.654431501435761,1,0.004,
eegbci_s1_r4_C5,fathon,13.717911255888659,1,0.004,
eegbci_s2_r4_Fc5,MFDFA,0.2267812448160761,0,0.0,
eegbci_s2_r4_Fc5,neurokit2,0.6625545190896529,0,0.0,
eegbci_s2_r4_Fc5,fdnkit,0.20282617350256693,0,0.0,
eegbci_s2_r4_Fc5,fdnkit_unguarded,0.20282617350256693,0,0.0,
eegbci_s2_r4_Fc5,fathon,0.20282617349963428,0,0.0,
eegbci_s2_r4_Fc3,MFDFA,0.1837883738670244,0,0.0,
eegbci_s2_r4_Fc3,neurokit2,,0,0.0,ValueError
eegbci_s2_r4_Fc3,fdnkit,0.1286901891303941,0,0.0,
eegbci_s2_r4_Fc3,fdnkit_unguarded,0.1286901891303941,0,0.0,
eegbci_s2_r4_Fc3,fathon,0.1286901891280734,0,0.0,
eegbci_s2_r4_Fc1,MFDFA,0.12115580750968169,0,0.0,
eegbci_s2_r4_Fc1,neurokit2,,0,0.0,ValueError
eegbci_s2_r4_Fc1,fdnkit,0.08208862640063719,0,0.0,
eegbci_s2_r4_Fc1,fdnkit_unguarded,0.08208862640063719,0,0.0,
eegbci_s2_r4_Fc1,fathon,0.08208862639913694,0,0.0,
eegbci_s2_r4_Fcz,MFDFA,0.11984749291571073,0,0.0,
eegbci_s2_r4_Fcz,neurokit2,,0,0.0,ValueError
eegbci_s2_r4_Fcz,fdnkit,0.09179230940721206,0,0.0,
eegbci_s2_r4_Fcz,fdnkit_unguarded,0.09179230940721206,0,0.0,
eegbci_s2_r4_Fcz,fathon,0.09179230940594318,0,0.0,
eegbci_s2_r4_Fc2,MFDFA,0.17641956584054508,0,0.0,
eegbci_s2_r4_Fc2,neurokit2,,0,0.0,ValueError
eegbci_s2_r4_Fc2,fdnkit,0.15577255542509816,0,0.0,
eegbci_s2_r4_Fc2,fdnkit_unguarded,0.15577255542509816,0,0.0,
eegbci_s2_r4_Fc2,fathon,0.15577255542372404,0,0.0,
eegbci_s2_r4_Fc4,MFDFA,0.20458303478919937,0,0.0,
eegbci_s2_r4_Fc4,neurokit2,,0,0.0,ValueError
eegbci_s2_r4_Fc4,fdnkit,0.18503626610533297,0,0.0,
eegbci_s2_r4_Fc4,fdnkit_unguarded,0.18503626610533297,0,0.0,
eegbci_s2_r4_Fc4,fathon,0.1850362661036271,0,0.0,
eegbci_s2_r4_Fc6,MFDFA,0.27290619800234983,0,0.0,
eegbci_s2_r4_Fc6,neurokit2,0.6065243083158836,0,0.0,
eegbci_s2_r4_Fc6,fdnkit,0.26326174822207415,0,0.0,
eegbci_s2_r4_Fc6,fdnkit_unguarded,0.26326174822207415,0,0.0,
eegbci_s2_r4_Fc6,fathon,0.26326174821959614,0,0.0,
eegbci_s2_r4_C5,MFDFA,0.3140430333841947,0,0.0,
eegbci_s2_r4_C5,neurokit2,0.6624169666352234,0,0.0,
eegbci_s2_r4_C5,fdnkit,0.26644771438943426,0,0.0,
eegbci_s2_r4_C5,fdnkit_unguarded,0.26644771438943426,0,0.0,
eegbci_s2_r4_C5,fathon,0.26644771438668025,0,0.0,
eegbci_s3_r4_Fc5,MFDFA,17.2886163186753,1,0.004,
eegbci_s3_r4_Fc5,neurokit2,0.3655697745647791,1,0.004,
eegbci_s3_r4_Fc5,fdnkit,2.5676218898723473,1,0.004,
eegbci_s3_r4_Fc5,fdnkit_unguarded,11.75966648961161,1,0.004,
eegbci_s3_r4_Fc5,fathon,13.735287064867084,1,0.004,
eegbci_s3_r4_Fc3,MFDFA,17.13455939447045,1,0.004,
eegbci_s3_r4_Fc3,neurokit2,0.30924616814280786,1,0.004,
eegbci_s3_r4_Fc3,fdnkit,2.62136437990978,1,0.004,
eegbci_s3_r4_Fc3,fdnkit_unguarded,11.816735809826007,1,0.004,
eegbci_s3_r4_Fc3,fathon,13.437629293585157,1,0.004,
eegbci_s3_r4_Fc1,MFDFA,17.419975928438337,1,0.004,
eegbci_s3_r4_Fc1,neurokit2,0.25306668956360745,1,0.004,
eegbci_s3_r4_Fc1,fdnkit,2.691486071445934,1,0.004,
eegbci_s3_r4_Fc1,fdnkit_unguarded,11.888066167094305,1,0.004,
eegbci_s3_r4_Fc1,fathon,13.533151374579672,1,0.004,
eegbci_s3_r4_Fcz,MFDFA,16.793806693344294,1,0.004,
eegbci_s3_r4_Fcz,neurokit2,0.2980385223122703,1,0.004,
eegbci_s3_r4_Fcz,fdnkit,2.6358232932759975,1,0.004,
eegbci_s3_r4_Fcz,fdnkit_unguarded,11.829249683827692,1,0.004,
eegbci_s3_r4_Fcz,fathon,13.388572240752874,1,0.004,
eegbci_s3_r4_Fc2,MFDFA,17.06944038431916,1,0.004,
eegbci_s3_r4_Fc2,neurokit2,0.3294154930335685,1,0.004,
eegbci_s3_r4_Fc2,fdnkit,2.5793367817409423,1,0.004,
eegbci_s3_r4_Fc2,fdnkit_unguarded,11.74968779697102,1,0.004,
eegbci_s3_r4_Fc2,fathon,13.537620272097152,1,0.004,
eegbci_s3_r4_Fc4,MFDFA,16.881281899658575,1,0.004,
eegbci_s3_r4_Fc4,neurokit2,0.33887078926907466,1,0.004,
eegbci_s3_r4_Fc4,fdnkit,2.601218681398966,1,0.004,
eegbci_s3_r4_Fc4,fdnkit_unguarded,11.677136538200777,1,0.004,
eegbci_s3_r4_Fc4,fathon,13.574839012047192,1,0.004,
eegbci_s3_r4_Fc6,MFDFA,17.537258586144784,1,0.004,
eegbci_s3_r4_Fc6,neurokit2,0.353661433776096,1,0.004,
eegbci_s3_r4_Fc6,fdnkit,2.5821288525915125,1,0.004,
eegbci_s3_r4_Fc6,fdnkit_unguarded,11.65819158020858,1,0.004,
eegbci_s3_r4_Fc6,fathon,14.115316077201374,1,0.004,
eegbci_s3_r4_C5,MFDFA,17.17153696429182,1,0.004,
eegbci_s3_r4_C5,neurokit2,0.36111661747905516,1,0.004,
eegbci_s3_r4_C5,fdnkit,2.588916757249115,1,0.004,
eegbci_s3_r4_C5,fdnkit_unguarded,11.743072222028275,1,0.004,
eegbci_s3_r4_C5,fathon,13.85797412210302,1,0.004,
eegbci_s4_r4_Fc5,MFDFA,0.24986916262772207,0,0.0,
eegbci_s4_r4_Fc5,neurokit2,0.42712012507386626,0,0.0,
eegbci_s4_r4_Fc5,fdnkit,0.24602640609061321,0,0.0,
eegbci_s4_r4_Fc5,fdnkit_unguarded,0.24602640609061321,0,0.0,
eegbci_s4_r4_Fc5,fathon,0.24602640609398874,0,0.0,
eegbci_s4_r4_Fc3,MFDFA,0.24270630189298603,0,0.0,
eegbci_s4_r4_Fc3,neurokit2,0.5112385015098184,0,0.0,
eegbci_s4_r4_Fc3,fdnkit,0.2350750097020018,0,0.0,
eegbci_s4_r4_Fc3,fdnkit_unguarded,0.2350750097020018,0,0.0,
eegbci_s4_r4_Fc3,fathon,0.23507500970561757,0,0.0,
eegbci_s4_r4_Fc1,MFDFA,0.2565623712834475,0,0.0,
eegbci_s4_r4_Fc1,neurokit2,0.4966605799872594,0,0.0,
eegbci_s4_r4_Fc1,fdnkit,0.25503294915775254,0,0.0,
eegbci_s4_r4_Fc1,fdnkit_unguarded,0.25503294915775254,0,0.0,
eegbci_s4_r4_Fc1,fathon,0.2550329491612948,0,0.0,
eegbci_s4_r4_Fcz,MFDFA,0.22353434662704508,0,0.0,
eegbci_s4_r4_Fcz,neurokit2,0.5597594781925891,0,0.0,
eegbci_s4_r4_Fcz,fdnkit,0.2083880795155424,0,0.0,
eegbci_s4_r4_Fcz,fdnkit_unguarded,0.2083880795155424,0,0.0,
eegbci_s4_r4_Fcz,fathon,0.20838807951781635,0,0.0,
eegbci_s4_r4_Fc2,MFDFA,0.22377973154768838,0,0.0,
eegbci_s4_r4_Fc2,neurokit2,0.5721899872925285,0,0.0,
eegbci_s4_r4_Fc2,fdnkit,0.20856229076672306,0,0.0,
eegbci_s4_r4_Fc2,fdnkit_unguarded,0.20856229076672306,0,0.0,
eegbci_s4_r4_Fc2,fathon,0.20856229076897748,0,0.0,
eegbci_s4_r4_Fc4,MFDFA,0.28915272603854103,0,0.0,
eegbci_s4_r4_Fc4,neurokit2,0.5709986888372103,0,0.0,
eegbci_s4_r4_Fc4,fdnkit,0.2687670269624933,0,0.0,
eegbci_s4_r4_Fc4,fdnkit_unguarded,0.2687670269624933,0,0.0,
eegbci_s4_r4_Fc4,fathon,0.26876702696481847,0,0.0,
eegbci_s4_r4_Fc6,MFDFA,0.28943119851096366,0,0.0,
eegbci_s4_r4_Fc6,neurokit2,0.5711762223068414,0,0.0,
eegbci_s4_r4_Fc6,fdnkit,0.26893185338732817,0,0.0,
eegbci_s4_r4_Fc6,fdnkit_unguarded,0.26893185338732817,0,0.0,
eegbci_s4_r4_Fc6,fathon,0.26893185338965386,0,0.0,
eegbci_s4_r4_C5,MFDFA,0.17370637358608731,0,0.0,
eegbci_s4_r4_C5,neurokit2,0.4879267327209945,0,0.0,
eegbci_s4_r4_C5,fdnkit,0.16598296905253518,0,0.0,
eegbci_s4_r4_C5,fdnkit_unguarded,0.16598296905253518,0,0.0,
eegbci_s4_r4_C5,fathon,0.16598296905452115,0,0.0,
eegbci_s5_r4_Fc5,MFDFA,0.12191442953763687,0,0.0,
eegbci_s5_r4_Fc5,neurokit2,0.38369737630199063,0,0.0,
eegbci_s5_r4_Fc5,fdnkit,0.13137908447243396,0,0.0,
eegbci_s5_r4_Fc5,fdnkit_unguarded,0.13137908447243396,0,0.0,
eegbci_s5_r4_Fc5,fathon,0.1313790844714594,0,0.0,
eegbci_s5_r4_Fc3,MFDFA,0.3475637646396398,0,0.0,
eegbci_s5_r4_Fc3,neurokit2,0.708692200782031,0,0.0,
eegbci_s5_r4_Fc3,fdnkit,0.35949548457644787,0,0.0,
eegbci_s5_r4_Fc3,fdnkit_unguarded,0.35949548457644787,0,0.0,
eegbci_s5_r4_Fc3,fathon,0.3594954845741789,0,0.0,
eegbci_s5_r4_Fc1,MFDFA,0.5344541610322215,0,0.0,
eegbci_s5_r4_Fc1,neurokit2,0.6964370013193505,0,0.0,
eegbci_s5_r4_Fc1,fdnkit,0.5276857832909293,0,0.0,
eegbci_s5_r4_Fc1,fdnkit_unguarded,0.5276857832909293,0,0.0,
eegbci_s5_r4_Fc1,fathon,0.527685783289783,0,0.0,
eegbci_s5_r4_Fcz,MFDFA,0.47909611365547733,0,0.0,
eegbci_s5_r4_Fcz,neurokit2,0.6582932915217994,0,0.0,
eegbci_s5_r4_Fcz,fdnkit,0.4769613970196479,0,0.0,
eegbci_s5_r4_Fcz,fdnkit_unguarded,0.4769613970196479,0,0.0,
eegbci_s5_r4_Fcz,fathon,0.4769613970183506,0,0.0,
eegbci_s5_r4_Fc2,MFDFA,0.3768915367217963,0,0.0,
eegbci_s5_r4_Fc2,neurokit2,0.6303936204404461,0,0.0,
eegbci_s5_r4_Fc2,fdnkit,0.38181977746131923,0,0.0,
eegbci_s5_r4_Fc2,fdnkit_unguarded,0.38181977746131923,0,0.0,
eegbci_s5_r4_Fc2,fathon,0.3818197774593233,0,0.0,
eegbci_s5_r4_Fc4,MFDFA,0.24182719412166453,0,0.0,
eegbci_s5_r4_Fc4,neurokit2,0.4885136060200701,0,0.0,
eegbci_s5_r4_Fc4,fdnkit,0.24595457522796105,0,0.0,
eegbci_s5_r4_Fc4,fdnkit_unguarded,0.24595457522796105,0,0.0,
eegbci_s5_r4_Fc4,fathon,0.24595457522658615,0,0.0,
eegbci_s5_r4_Fc6,MFDFA,0.18350849435921956,0,0.0,
eegbci_s5_r4_Fc6,neurokit2,0.38799231211984775,0,0.0,
eegbci_s5_r4_Fc6,fdnkit,0.21347732989646817,0,0.0,
eegbci_s5_r4_Fc6,fdnkit_unguarded,0.21347732989646817,0,0.0,
eegbci_s5_r4_Fc6,fathon,0.21347732989527435,0,0.0,
eegbci_s5_r4_C5,MFDFA,0.42707405920655084,0,0.0,
eegbci_s5_r4_C5,neurokit2,0.6605345356980743,0,0.0,
eegbci_s5_r4_C5,fdnkit,0.4333818931371768,0,0.0,
eegbci_s5_r4_C5,fdnkit_unguarded,0.4333818931371768,0,0.0,
eegbci_s5_r4_C5,fathon,0.4333818931355683,0,0.0,
eegbci_s6_r4_Fc5,MFDFA,0.09294187878744731,0,0.0,
eegbci_s6_r4_Fc5,neurokit2,0.4060028087076592,0,0.0,
eegbci_s6_r4_Fc5,fdnkit,0.08655444234126741,0,0.0,
eegbci_s6_r4_Fc5,fdnkit_unguarded,0.08655444234126741,0,0.0,
eegbci_s6_r4_Fc5,fathon,0.08655444234298104,0,0.0,
eegbci_s6_r4_Fc3,MFDFA,0.11859545216079082,0,0.0,
eegbci_s6_r4_Fc3,neurokit2,0.3542413747140466,0,0.0,
eegbci_s6_r4_Fc3,fdnkit,0.11537881828119168,0,0.0,
eegbci_s6_r4_Fc3,fdnkit_unguarded,0.11537881828119168,0,0.0,
eegbci_s6_r4_Fc3,fathon,0.11537881828652918,0,0.0,
eegbci_s6_r4_Fc1,MFDFA,0.11496948871213675,0,0.0,
eegbci_s6_r4_Fc1,neurokit2,0.3548378710979892,0,0.0,
eegbci_s6_r4_Fc1,fdnkit,0.11115706639722933,0,0.0,
eegbci_s6_r4_Fc1,fdnkit_unguarded,0.11115706639722933,0,0.0,
eegbci_s6_r4_Fc1,fathon,0.11115706640251666,0,0.0,
eegbci_s6_r4_Fcz,MFDFA,0.10689508803327219,0,0.0,
eegbci_s6_r4_Fcz,neurokit2,0.38370318041985696,0,0.0,
eegbci_s6_r4_Fcz,fdnkit,0.08553485335737399,0,0.0,
eegbci_s6_r4_Fcz,fdnkit_unguarded,0.08553485335737399,0,0.0,
eegbci_s6_r4_Fcz,fathon,0.08553485336263822,0,0.0,
eegbci_s6_r4_Fc2,MFDFA,0.08592392805514415,0,0.0,
eegbci_s6_r4_Fc2,neurokit2,0.36084705181553944,0,0.0,
eegbci_s6_r4_Fc2,fdnkit,0.07744104015935893,0,0.0,
eegbci_s6_r4_Fc2,fdnkit_unguarded,0.07744104015935893,0,0.0,
eegbci_s6_r4_Fc2,fathon,0.07744104016448428,0,0.0,
eegbci_s6_r4_Fc4,MFDFA,0.08655548014645831,0,0.0,
eegbci_s6_r4_Fc4,neurokit2,0.355537796365474,0,0.0,
eegbci_s6_r4_Fc4,fdnkit,0.07865075565438728,0,0.0,
eegbci_s6_r4_Fc4,fdnkit_unguarded,0.07865075565438728,0,0.0,
eegbci_s6_r4_Fc4,fathon,0.07865075565957602,0,0.0,
eegbci_s6_r4_Fc6,MFDFA,0.12399918881195982,0,0.0,
eegbci_s6_r4_Fc6,neurokit2,,0,0.0,ValueError
eegbci_s6_r4_Fc6,fdnkit,0.12366426152509125,0,0.0,
eegbci_s6_r4_Fc6,fdnkit_unguarded,0.12366426152509125,0,0.0,
eegbci_s6_r4_Fc6,fathon,0.12366426152721599,0,0.0,
eegbci_s6_r4_C5,MFDFA,0.05934128728464283,0,0.0,
eegbci_s6_r4_C5,neurokit2,0.3505991794909654,0,0.0,
eegbci_s6_r4_C5,fdnkit,0.03790861998782569,0,0.0,
eegbci_s6_r4_C5,fdnkit_unguarded,0.03790861998782569,0,0.0,
eegbci_s6_r4_C5,fathon,0.03790861998918871,0,0.0,
eegbci_s7_r4_Fc5,MFDFA,17.32123259298858,1,0.004,
eegbci_s7_r4_Fc5,neurokit2,0.4641498505940017,1,0.004,
eegbci_s7_r4_Fc5,fdnkit,2.5112296907898677,1,0.004,
eegbci_s7_r4_Fc5,fdnkit_unguarded,11.490753255331276,1,0.004,
eegbci_s7_r4_Fc5,fathon,13.12340938018696,1,0.004,
eegbci_s7_r4_Fc3,MFDFA,20.04063192340165,1,0.004,
eegbci_s7_r4_Fc3,neurokit2,0.4450315091243298,1,0.004,
eegbci_s7_r4_Fc3,fdnkit,2.51125013393683,1,0.004,
eegbci_s7_r4_Fc3,fdnkit_unguarded,11.518323652938932,1,0.004,
eegbci_s7_r4_Fc3,fathon,16.51795462553002,1,0.004,
eegbci_s7_r4_Fc1,MFDFA,16.896128178667222,1,0.004,
eegbci_s7_r4_Fc1,neurokit2,0.4292357717219494,1,0.004,
eegbci_s7_r4_Fc1,fdnkit,2.540495611097061,1,0.004,
eegbci_s7_r4_Fc1,fdnkit_unguarded,11.548179988648773,1,0.004,
eegbci_s7_r4_Fc1,fathon,13.389954609219918,1,0.004,
eegbci_s7_r4_Fcz,MFDFA,17.340112855360275,1,0.004,
eegbci_s7_r4_Fcz,neurokit2,0.4063730195038401,1,0.004,
eegbci_s7_r4_Fcz,fdnkit,2.530517201025244,1,0.004,
eegbci_s7_r4_Fcz,fdnkit_unguarded,11.514004640064089,1,0.004,
eegbci_s7_r4_Fcz,fathon,13.73136981780849,1,0.004,
eegbci_s7_r4_Fc2,MFDFA,16.587605356788725,1,0.004,
eegbci_s7_r4_Fc2,neurokit2,0.4050858772410437,1,0.004,
eegbci_s7_r4_Fc2,fdnkit,2.535178690340091,1,0.004,
eegbci_s7_r4_Fc2,fdnkit_unguarded,11.525574864082051,1,0.004,
eegbci_s7_r4_Fc2,fathon,13.158049140762714,1,0.004,
eegbci_s7_r4_Fc4,MFDFA,17.16628368117786,1,0.004,
eegbci_s7_r4_Fc4,neurokit2,0.4051869344342637,1,0.004,
eegbci_s7_r4_Fc4,fdnkit,2.5319259151292166,1,0.004,
eegbci_s7_r4_Fc4,fdnkit_unguarded,11.516647699894875,1,0.004,
eegbci_s7_r4_Fc4,fathon,13.395797070361454,1,0.004,
eegbci_s7_r4_Fc6,MFDFA,17.579931219349625,1,0.004,
eegbci_s7_r4_Fc6,neurokit2,0.3959932619700821,1,0.004,
eegbci_s7_r4_Fc6,fdnkit,2.5124143621194284,1,0.004,
eegbci_s7_r4_Fc6,fdnkit_unguarded,11.404424941779276,1,0.004,
eegbci_s7_r4_Fc6,fathon,13.912313510150392,1,0.004,
eegbci_s7_r4_C5,MFDFA,17.20271124420408,1,0.004,
eegbci_s7_r4_C5,neurokit2,0.42227562494106596,1,0.004,
eegbci_s7_r4_C5,fdnkit,2.546503208936371,1,0.004,
eegbci_s7_r4_C5,fdnkit_unguarded,11.535639329535831,1,0.004,
eegbci_s7_r4_C5,fathon,13.704418410899425,1,0.004,
eegbci_s8_r4_Fc5,MFDFA,0.12981047023746395,0,0.0,
eegbci_s8_r4_Fc5,neurokit2,0.4251644951706567,0,0.0,
eegbci_s8_r4_Fc5,fdnkit,0.1510093618797177,0,0.0,
eegbci_s8_r4_Fc5,fdnkit_unguarded,0.1510093618797177,0,0.0,
eegbci_s8_r4_Fc5,fathon,0.151009361877815,0,0.0,
eegbci_s8_r4_Fc3,MFDFA,0.11859662015099937,0,0.0,
eegbci_s8_r4_Fc3,neurokit2,0.4044955013512781,0,0.0,
eegbci_s8_r4_Fc3,fdnkit,0.14141684963798973,0,0.0,
eegbci_s8_r4_Fc3,fdnkit_unguarded,0.14141684963798973,0,0.0,
eegbci_s8_r4_Fc3,fathon,0.14141684964276746,0,0.0,
eegbci_s8_r4_Fc1,MFDFA,0.15891327945192968,0,0.0,
eegbci_s8_r4_Fc1,neurokit2,0.3971674608570857,0,0.0,
eegbci_s8_r4_Fc1,fdnkit,0.14746701784491134,0,0.0,
eegbci_s8_r4_Fc1,fdnkit_unguarded,0.14746701784491134,0,0.0,
eegbci_s8_r4_Fc1,fathon,0.1474670178499211,0,0.0,
eegbci_s8_r4_Fcz,MFDFA,0.1855869109339029,0,0.0,
eegbci_s8_r4_Fcz,neurokit2,0.38876344142816194,0,0.0,
eegbci_s8_r4_Fcz,fdnkit,0.17030077012611122,0,0.0,
eegbci_s8_r4_Fcz,fdnkit_unguarded,0.17030077012611122,0,0.0,
eegbci_s8_r4_Fcz,fathon,0.17030077013137468,0,0.0,
eegbci_s8_r4_Fc2,MFDFA,0.18769413570881188,0,0.0,
eegbci_s8_r4_Fc2,neurokit2,0.38531909922371677,0,0.0,
eegbci_s8_r4_Fc2,fdnkit,0.17081906555439108,0,0.0,
eegbci_s8_r4_Fc2,fdnkit_unguarded,0.17081906555439108,0,0.0,
eegbci_s8_r4_Fc2,fathon,0.1708190655596259,0,0.0,
eegbci_s8_r4_Fc4,MFDFA,0.1850384833316575,0,0.0,
eegbci_s8_r4_Fc4,neurokit2,0.3868606027129478,0,0.0,
eegbci_s8_r4_Fc4,fdnkit,0.16855326242053226,0,0.0,
eegbci_s8_r4_Fc4,fdnkit_unguarded,0.16855326242053226,0,0.0,
eegbci_s8_r4_Fc4,fathon,0.1685532624256758,0,0.0,
eegbci_s8_r4_Fc6,MFDFA,0.13136343759578595,0,0.0,
eegbci_s8_r4_Fc6,neurokit2,0.437140782966043,0,0.0,
eegbci_s8_r4_Fc6,fdnkit,0.1239850713007431,0,0.0,
eegbci_s8_r4_Fc6,fdnkit_unguarded,0.1239850713007431,0,0.0,
eegbci_s8_r4_Fc6,fathon,0.12398507130236269,0,0.0,
eegbci_s8_r4_C5,MFDFA,0.05898830297803137,0,0.0,
eegbci_s8_r4_C5,neurokit2,0.42876053885682835,0,0.0,
eegbci_s8_r4_C5,fdnkit,0.05904834462454844,0,0.0,
eegbci_s8_r4_C5,fdnkit_unguarded,0.05904834462454844,0,0.0,
eegbci_s8_r4_C5,fathon,0.0590483446258534,0,0.0,
eegbci_s9_r4_Fc5,MFDFA,0.3333973612156187,0,0.0,
eegbci_s9_r4_Fc5,neurokit2,0.42405076801046293,0,0.0,
eegbci_s9_r4_Fc5,fdnkit,0.35094946743181465,0,0.0,
eegbci_s9_r4_Fc5,fdnkit_unguarded,0.35094946743181465,0,0.0,
eegbci_s9_r4_Fc5,fathon,0.35094946743150435,0,0.0,
eegbci_s9_r4_Fc3,MFDFA,0.20088698893332635,0,0.0,
eegbci_s9_r4_Fc3,neurokit2,0.46819792265899407,0,0.0,
eegbci_s9_r4_Fc3,fdnkit,0.21480056951896864,0,0.0,
eegbci_s9_r4_Fc3,fdnkit_unguarded,0.21480056951896864,0,0.0,
eegbci_s9_r4_Fc3,fathon,0.21480056951829363,0,0.0,
eegbci_s9_r4_Fc1,MFDFA,0.2403779338728096,0,0.0,
eegbci_s9_r4_Fc1,neurokit2,0.5009513685890106,0,0.0,
eegbci_s9_r4_Fc1,fdnkit,0.2639144437958355,0,0.0,
eegbci_s9_r4_Fc1,fdnkit_unguarded,0.2639144437958355,0,0.0,
eegbci_s9_r4_Fc1,fathon,0.26391444379505113,0,0.0,
eegbci_s9_r4_Fcz,MFDFA,0.22140528372718793,0,0.0,
eegbci_s9_r4_Fcz,neurokit2,0.5004879722387169,0,0.0,
eegbci_s9_r4_Fcz,fdnkit,0.23467225085920695,0,0.0,
eegbci_s9_r4_Fcz,fdnkit_unguarded,0.23467225085920695,0,0.0,
eegbci_s9_r4_Fcz,fathon,0.2346722508583916,0,0.0,
eegbci_s9_r4_Fc2,MFDFA,0.2162081103253134,0,0.0,
eegbci_s9_r4_Fc2,neurokit2,0.5073025456367355,0,0.0,
eegbci_s9_r4_Fc2,fdnkit,0.20217947503554168,0,0.0,
eegbci_s9_r4_Fc2,fdnkit_unguarded,0.20217947503554168,0,0.0,
eegbci_s9_r4_Fc2,fathon,0.2021794750348458,0,0.0,
eegbci_s9_r4_Fc4,MFDFA,0.2221578639429158,0,0.0,
eegbci_s9_r4_Fc4,neurokit2,0.4627805099374287,0,0.0,
eegbci_s9_r4_Fc4,fdnkit,0.21325099240883194,0,0.0,
eegbci_s9_r4_Fc4,fdnkit_unguarded,0.21325099240883194,0,0.0,
eegbci_s9_r4_Fc4,fathon,0.21325099240813283,0,0.0,
eegbci_s9_r4_Fc6,MFDFA,0.409668405312989,0,0.0,
eegbci_s9_r4_Fc6,neurokit2,0.4986590050111488,0,0.0,
eegbci_s9_r4_Fc6,fdnkit,0.3920862901680755,0,0.0,
eegbci_s9_r4_Fc6,fdnkit_unguarded,0.3920862901680755,0,0.0,
eegbci_s9_r4_Fc6,fathon,0.3920862901676354,0,0.0,
eegbci_s9_r4_C5,MFDFA,0.35640887567664514,0,0.0,
eegbci_s9_r4_C5,neurokit2,0.5015268418057057,0,0.0,
eegbci_s9_r4_C5,fdnkit,0.3820714852930498,0,0.0,
eegbci_s9_r4_C5,fdnkit_unguarded,0.3820714852930498,0,0.0,
eegbci_s9_r4_C5,fathon,0.3820714852926561,0,0.0,
eegbci_s10_r4_Fc5,MFDFA,0.20436209885011403,0,0.0,
eegbci_s10_r4_Fc5,neurokit2,0.686818268302836,0,0.0,
eegbci_s10_r4_Fc5,fdnkit,0.23642594658325655,0,0.0,
eegbci_s10_r4_Fc5,fdnkit_unguarded,0.23642594658325655,0,0.0,
eegbci_s10_r4_Fc5,fathon,0.23642594658082272,0,0.0,
eegbci_s10_r4_Fc3,MFDFA,0.061378005814048286,0,0.0,
eegbci_s10_r4_Fc3,neurokit2,0.4689202491836908,0,0.0,
eegbci_s10_r4_Fc3,fdnkit,0.06392687549194531,0,0.0,
eegbci_s10_r4_Fc3,fdnkit_unguarded,0.06392687549194531,0,0.0,
eegbci_s10_r4_Fc3,fathon,0.06392687548951237,0,0.0,
eegbci_s10_r4_Fc1,MFDFA,0.10486109877684036,0,0.0,
eegbci_s10_r4_Fc1,neurokit2,0.353388291306894,0,0.0,
eegbci_s10_r4_Fc1,fdnkit,0.08222063391969092,0,0.0,
eegbci_s10_r4_Fc1,fdnkit_unguarded,0.08222063391969092,0,0.0,
eegbci_s10_r4_Fc1,fathon,0.08222063392179724,0,0.0,
eegbci_s10_r4_Fcz,MFDFA,0.052543187783538725,0,0.0,
eegbci_s10_r4_Fcz,neurokit2,0.4418281348925377,0,0.0,
eegbci_s10_r4_Fcz,fdnkit,0.05455432735302046,0,0.0,
eegbci_s10_r4_Fcz,fdnkit_unguarded,0.05455432735302046,0,0.0,
eegbci_s10_r4_Fcz,fathon,0.054554327355770926,0,0.0,
eegbci_s10_r4_Fc2,MFDFA,0.04626817774675218,0,0.0,
eegbci_s10_r4_Fc2,neurokit2,0.4593165138555084,0,0.0,
eegbci_s10_r4_Fc2,fdnkit,0.037256615235062185,0,0.0,
eegbci_s10_r4_Fc2,fdnkit_unguarded,0.037256615235062185,0,0.0,
eegbci_s10_r4_Fc2,fathon,0.03725661523787882,0,0.0,
eegbci_s10_r4_Fc4,MFDFA,0.04539214716515261,0,0.0,
eegbci_s10_r4_Fc4,neurokit2,0.5161020887879836,0,0.0,
eegbci_s10_r4_Fc4,fdnkit,0.024466752085217758,0,0.0,
eegbci_s10_r4_Fc4,fdnkit_unguarded,0.024466752085217758,0,0.0,
eegbci_s10_r4_Fc4,fathon,0.02446675208273108,0,0.0,
eegbci_s10_r4_Fc6,MFDFA,0.22000048930285954,0,0.0,
eegbci_s10_r4_Fc6,neurokit2,0.7773089319977876,0,0.0,
eegbci_s10_r4_Fc6,fdnkit,0.19089178676409002,0,0.0,
eegbci_s10_r4_Fc6,fdnkit_unguarded,0.19089178676409002,0,0.0,
eegbci_s10_r4_Fc6,fathon,0.1908917867617601,0,0.0,
eegbci_s10_r4_C5,MFDFA,0.14937953001791926,0,0.0,
eegbci_s10_r4_C5,neurokit2,0.6311494242069626,0,0.0,
eegbci_s10_r4_C5,fdnkit,0.1414303851906331,0,0.0,
eegbci_s10_r4_C5,fdnkit_unguarded,0.1414303851906331,0,0.0,
eegbci_s10_r4_C5,fathon,0.1414303851884997,0,0.0,
