signal,package,delta_h,flat_runs,flat_fraction,error,corpus
sleepedf_s0_r1_Fpz-Cz_e0,MFDFA,0.22887597566557805,0,0.0,,sleepedf
sleepedf_s0_r1_Fpz-Cz_e0,neurokit2,0.5995645918808991,0,0.0,,sleepedf
sleepedf_s0_r1_Fpz-Cz_e0,fdnkit,0.2394415097018534,0,0.0,,sleepedf
sleepedf_s0_r1_Fpz-Cz_e0,fdnkit_unguarded,0.2394415097018534,0,0.0,,sleepedf
sleepedf_s0_r1_Fpz-Cz_e0,fathon,0.239441509713616,0,0.0,,sleepedf
sleepedf_s0_r1_Fpz-Cz_e1,MFDFA,0.2230585090791921,0,0.0,,sleepedf
sleepedf_s0_r1_Fpz-Cz_e1,neurokit2,0.580081558413925,0,0.0,,sleepedf
sleepedf_s0_r1_Fpz-Cz_e1,fdnkit,0.19302369793946883,0,0.0,,sleepedf
sleepedf_s0_r1_Fpz-Cz_e1,fdnkit_unguarded,0.19302369793946883,0,0.0,,sleepedf
sleepedf_s0_r1_Fpz-Cz_e1,fathon,0.19302369794583574,0,0.0,,sleepedf
sleepedf_s0_r1_Fpz-Cz_e2,MFDFA,0.5662204606918406,0,0.0,,sleepedf
sleepedf_s0_r1_Fpz-Cz_e2,neurokit2,0.3231723236591626,0,0.0,,sleepedf
sleepedf_s0_r1_Fpz-Cz_e2,fdnkit,0.5539853466041555,0,0.0,,sleepedf
sleepedf_s0_r1_Fpz-Cz_e2,fdnkit_unguarded,0.5539853466041555,0,0.0,,sleepedf
sleepedf_s0_r1_Fpz-Cz_e2,fathon,0.5539853466165725,0,0.0,,sleepedf
sleepedf_s0_r1_Fpz-Cz_e3,MFDFA,0.34741030060321965,0,0.0,,sleepedf
sleepedf_s0_r1_Fpz-Cz_e3,neurokit2,,0,0.0,ValueError,sleepedf
sleepedf_s0_r1_Fpz-Cz_e3,fdnkit,0.36312571500899127,0,0.0,,sleepedf
sleepedf_s0_r1_Fpz-Cz_e3,fdnkit_unguarded,0.36312571500899127,0,0.0,,sleepedf
sleepedf_s0_r1_Fpz-Cz_e3,fathon,0.36312571502139646,0,0.0,,sleepedf
sleepedf_s0_r1_Fpz-Cz_e4,MFDFA,0.2506694568433434,0,0.0,,sleepedf
sleepedf_s0_r1_Fpz-Cz_e4,neurokit2,0.5750510145306253,0,0.0,,sleepedf
sleepedf_s0_r1_Fpz-Cz_e4,fdnkit,0.23279042296379893,0,0.0,,sleepedf
sleepedf_s0_r1_Fpz-Cz_e4,fdnkit_unguarded,0.23279042296379893,0,0.0,,sleepedf
sleepedf_s0_r1_Fpz-Cz_e4,fathon,0.23279042297345587,0,0.0,,sleepedf
sleepedf_s0_r1_Pz-Oz_e0,MFDFA,0.12048010847670843,0,0.0,,sleepedf
sleepedf_s0_r1_Pz-Oz_e0,neurokit2,,0,0.0,ValueError,sleepedf
sleepedf_s0_r1_Pz-Oz_e0,fdnkit,0.08580279686395076,0,0.0,,sleepedf
sleepedf_s0_r1_Pz-Oz_e0,fdnkit_unguarded,0.08580279686395076,0,0.0,,sleepedf
sleepedf_s0_r1_Pz-Oz_e0,fathon,0.08580279686144698,0,0.0,,sleepedf
sleepedf_s0_r1_Pz-Oz_e1,MFDFA,0.2646807191600071,0,0.0,,sleepedf
sleepedf_s0_r1_Pz-Oz_e1,neurokit2,,0,0.0,ValueError,sleepedf
sleepedf_s0_r1_Pz-Oz_e1,fdnkit,0.20902576503326808,0,0.0,,sleepedf
sleepedf_s0_r1_Pz-Oz_e1,fdnkit_unguarded,0.20902576503326808,0,0.0,,sleepedf
sleepedf_s0_r1_Pz-Oz_e1,fathon,0.2090257650164895,0,0.0,,sleepedf
sleepedf_s0_r1_Pz-Oz_e2,MFDFA,0.4756779729225624,0,0.0,,sleepedf
sleepedf_s0_r1_Pz-Oz_e2,neurokit2,,0,0.0,ValueError,sleepedf
sleepedf_s0_r1_Pz-Oz_e2,fdnkit,0.4647788777139392,0,0.0,,sleepedf
sleepedf_s0_r1_Pz-Oz_e2,fdnkit_unguarded,0.4647788777139392,0,0.0,,sleepedf
sleepedf_s0_r1_Pz-Oz_e2,fathon,0.4647788777312001,0,0.0,,sleepedf
sleepedf_s0_r1_Pz-Oz_e3,MFDFA,0.02621056316578596,0,0.0,,sleepedf
sleepedf_s0_r1_Pz-Oz_e3,neurokit2,,0,0.0,ValueError,sleepedf
sleepedf_s0_r1_Pz-Oz_e3,fdnkit,0.029623873498917153,0,0.0,,sleepedf
sleepedf_s0_r1_Pz-Oz_e3,fdnkit_unguarded,0.029623873498917153,0,0.0,,sleepedf
sleepedf_s0_r1_Pz-Oz_e3,fathon,0.029623873505724374,0,0.0,,sleepedf
sleepedf_s0_r1_Pz-Oz_e4,MFDFA,0.2203318867189612,0,0.0,,sleepedf
sleepedf_s0_r1_Pz-Oz_e4,neurokit2,,0,0.0,ValueError,sleepedf
sleepedf_s0_r1_Pz-Oz_e4,fdnkit,0.2430901368941909,0,0.0,,sleepedf
sleepedf_s0_r1_Pz-Oz_e4,fdnkit_unguarded,0.2430901368941909,0,0.0,,sleepedf
sleepedf_s0_r1_Pz-Oz_e4,fathon,0.24309013688860936,0,0.0,,sleepedf
sleepedf_s1_r1_Fpz-Cz_e0,MFDFA,0.42659761922315054,0,0.0,,sleepedf
sleepedf_s1_r1_Fpz-Cz_e0,neurokit2,0.4347226036883762,0,0.0,,sleepedf
sleepedf_s1_r1_Fpz-Cz_e0,fdnkit,0.46646704255519755,0,0.0,,sleepedf
sleepedf_s1_r1_Fpz-Cz_e0,fdnkit_unguarded,0.46646704255519755,0,0.0,,sleepedf
sleepedf_s1_r1_Fpz-Cz_e0,fathon,0.46646704257455496,0,0.0,,sleepedf
sleepedf_s1_r1_Fpz-Cz_e1,MFDFA,0.5138773885587975,0,0.0,,sleepedf
sleepedf_s1_r1_Fpz-Cz_e1,neurokit2,,0,0.0,ValueError,sleepedf
sleepedf_s1_r1_Fpz-Cz_e1,fdnkit,0.5171060350695014,0,0.0,,sleepedf
sleepedf_s1_r1_Fpz-Cz_e1,fdnkit_unguarded,0.5171060350695014,0,0.0,,sleepedf
sleepedf_s1_r1_Fpz-Cz_e1,fathon,0.5171060350792251,0,0.0,,sleepedf
sleepedf_s1_r1_Fpz-Cz_e2,MFDFA,0.40809979476926084,0,0.0,,sleepedf
sleepedf_s1_r1_Fpz-Cz_e2,neurokit2,0.3486216711279745,0,0.0,,sleepedf
sleepedf_s1_r1_Fpz-Cz_e2,fdnkit,0.41678298816387627,0,0.0,,sleepedf
sleepedf_s1_r1_Fpz-Cz_e2,fdnkit_unguarded,0.41678298816387627,0,0.0,,sleepedf
sleepedf_s1_r1_Fpz-Cz_e2,fathon,0.4167829881752423,0,0.0,,sleepedf
sleepedf_s1_r1_Fpz-Cz_e3,MFDFA,0.3555702307943358,0,0.0,,sleepedf
sleepedf_s1_r1_Fpz-Cz_e3,neurokit2,0.5987547105261224,0,0.0,,sleepedf
sleepedf_s1_r1_Fpz-Cz_e3,fdnkit,0.3741377882666812,0,0.0,,sleepedf
sleepedf_s1_r1_Fpz-Cz_e3,fdnkit_unguarded,0.3741377882666812,0,0.0,,sleepedf
sleepedf_s1_r1_Fpz-Cz_e3,fathon,0.37413778828403266,0,0.0,,sleepedf
sleepedf_s1_r1_Fpz-Cz_e4,MFDFA,0.3211112856248901,0,0.0,,sleepedf
sleepedf_s1_r1_Fpz-Cz_e4,neurokit2,0.5868327909543749,0,0.0,,sleepedf
sleepedf_s1_r1_Fpz-Cz_e4,fdnkit,0.2968536767302543,0,0.0,,sleepedf
sleepedf_s1_r1_Fpz-Cz_e4,fdnkit_unguarded,0.2968536767302543,0,0.0,,sleepedf
sleepedf_s1_r1_Fpz-Cz_e4,fathon,0.29685367674844754,0,0.0,,sleepedf
sleepedf_s1_r1_Pz-Oz_e0,MFDFA,0.08851858394849066,0,0.0,,sleepedf
sleepedf_s1_r1_Pz-Oz_e0,neurokit2,,0,0.0,ValueError,sleepedf
sleepedf_s1_r1_Pz-Oz_e0,fdnkit,0.07778555804180876,0,0.0,,sleepedf
sleepedf_s1_r1_Pz-Oz_e0,fdnkit_unguarded,0.07778555804180876,0,0.0,,sleepedf
sleepedf_s1_r1_Pz-Oz_e0,fathon,0.07778555803638909,0,0.0,,sleepedf
sleepedf_s1_r1_Pz-Oz_e1,MFDFA,0.4143388646929298,0,0.0,,sleepedf
sleepedf_s1_r1_Pz-Oz_e1,neurokit2,,0,0.0,ValueError,sleepedf
sleepedf_s1_r1_Pz-Oz_e1,fdnkit,0.4200959364329506,0,0.0,,sleepedf
sleepedf_s1_r1_Pz-Oz_e1,fdnkit_unguarded,0.4200959364329506,0,0.0,,sleepedf
sleepedf_s1_r1_Pz-Oz_e1,fathon,0.42009593645163856,0,0.0,,sleepedf
sleepedf_s1_r1_Pz-Oz_e2,MFDFA,0.2535891519966311,0,0.0,,sleepedf
sleepedf_s1_r1_Pz-Oz_e2,neurokit2,,0,0.0,ValueError,sleepedf
sleepedf_s1_r1_Pz-Oz_e2,fdnkit,0.2619207139170938,0,0.0,,sleepedf
sleepedf_s1_r1_Pz-Oz_e2,fdnkit_unguarded,0.2619207139170938,0,0.0,,sleepedf
sleepedf_s1_r1_Pz-Oz_e2,fathon,0.261920713935069,0,0.0,,sleepedf
sleepedf_s1_r1_Pz-Oz_e3,MFDFA,0.09097170692421663,0,0.0,,sleepedf
sleepedf_s1_r1_Pz-Oz_e3,neurokit2,,0,0.0,ValueError,sleepedf
sleepedf_s1_r1_Pz-Oz_e3,fdnkit,0.09749098516949484,0,0.0,,sleepedf
sleepedf_s1_r1_Pz-Oz_e3,fdnkit_unguarded,0.09749098516949484,0,0.0,,sleepedf
sleepedf_s1_r1_Pz-Oz_e3,fathon,0.09749098516691768,0,0.0,,sleepedf
sleepedf_s1_r1_Pz-Oz_e4,MFDFA,0.15937252222909515,0,0.0,,sleepedf
sleepedf_s1_r1_Pz-Oz_e4,neurokit2,,0,0.0,ValueError,sleepedf
sleepedf_s1_r1_Pz-Oz_e4,fdnkit,0.1571908003896032,0,0.0,,sleepedf
sleepedf_s1_r1_Pz-Oz_e4,fdnkit_unguarded,0.1571908003896032,0,0.0,,sleepedf
sleepedf_s1_r1_Pz-Oz_e4,fathon,0.15719080039511768,0,0.0,,sleepedf
sleepedf_s2_r1_Fpz-Cz_e0,MFDFA,0.1733754009816153,0,0.0,,sleepedf
sleepedf_s2_r1_Fpz-Cz_e0,neurokit2,,0,0.0,ValueError,sleepedf
sleepedf_s2_r1_Fpz-Cz_e0,fdnkit,0.18841549197400287,0,0.0,,sleepedf
sleepedf_s2_r1_Fpz-Cz_e0,fdnkit_unguarded,0.18841549197400287,0,0.0,,sleepedf
sleepedf_s2_r1_Fpz-Cz_e0,fathon,0.1884154919781058,0,0.0,,sleepedf
sleepedf_s2_r1_Fpz-Cz_e1,MFDFA,0.522722419779392,0,0.0,,sleepedf
sleepedf_s2_r1_Fpz-Cz_e1,neurokit2,,0,0.0,ValueError,sleepedf
sleepedf_s2_r1_Fpz-Cz_e1,fdnkit,0.5239510397162774,0,0.0,,sleepedf
sleepedf_s2_r1_Fpz-Cz_e1,fdnkit_unguarded,0.5239510397162774,0,0.0,,sleepedf
sleepedf_s2_r1_Fpz-Cz_e1,fathon,0.5239510397307956,0,0.0,,sleepedf
sleepedf_s2_r1_Fpz-Cz_e2,MFDFA,0.11289237572141575,0,0.0,,sleepedf
sleepedf_s2_r1_Fpz-Cz_e2,neurokit2,,0,0.0,ValueError,sleepedf
sleepedf_s2_r1_Fpz-Cz_e2,fdnkit,0.11575241238706058,0,0.0,,sleepedf
sleepedf_s2_r1_Fpz-Cz_e2,fdnkit_unguarded,0.11575241238706058,0,0.0,,sleepedf
sleepedf_s2_r1_Fpz-Cz_e2,fathon,0.11575241238166334,0,0.0,,sleepedf
sleepedf_s2_r1_Fpz-Cz_e3,MFDFA,0.2996268590927029,0,0.0,,sleepedf
sleepedf_s2_r1_Fpz-Cz_e3,neurokit2,,0,0.0,ValueError,sleepedf
sleepedf_s2_r1_Fpz-Cz_e3,fdnkit,0.2947978848413886,0,0.0,,sleepedf
sleepedf_s2_r1_Fpz-Cz_e3,fdnkit_unguarded,0.2947978848413886,0,0.0,,sleepedf
sleepedf_s2_r1_Fpz-Cz_e3,fathon,0.2947978848535011,0,0.0,,sleepedf
sleepedf_s2_r1_Fpz-Cz_e4,MFDFA,0.4234672117704624,0,0.0,,sleepedf
sleepedf_s2_r1_Fpz-Cz_e4,neurokit2,,0,0.0,ValueError,sleepedf
sleepedf_s2_r1_Fpz-Cz_e4,fdnkit,0.4210821524451255,0,0.0,,sleepedf
sleepedf_s2_r1_Fpz-Cz_e4,fdnkit_unguarded,0.4210821524451255,0,0.0,,sleepedf
sleepedf_s2_r1_Fpz-Cz_e4,fathon,0.4210821524592503,0,0.0,,sleepedf
sleepedf_s2_r1_Pz-Oz_e0,MFDFA,0.21730173474805237,0,0.0,,sleepedf
sleepedf_s2_r1_Pz-Oz_e0,neurokit2,,0,0.0,ValueError,sleepedf
sleepedf_s2_r1_Pz-Oz_e0,fdnkit,0.18563889111287124,0,0.0,,sleepedf
sleepedf_s2_r1_Pz-Oz_e0,fdnkit_unguarded,0.18563889111287124,0,0.0,,sleepedf
sleepedf_s2_r1_Pz-Oz_e0,fathon,0.18563889110562382,0,0.0,,sleepedf
sleepedf_s2_r1_Pz-Oz_e1,MFDFA,0.3137141194764881,0,0.0,,sleepedf
sleepedf_s2_r1_Pz-Oz_e1,neurokit2,0.44290573277700435,0,0.0,,sleepedf
sleepedf_s2_r1_Pz-Oz_e1,fdnkit,0.29830606268196624,0,0.0,,sleepedf
sleepedf_s2_r1_Pz-Oz_e1,fdnkit_unguarded,0.29830606268196624,0,0.0,,sleepedf
sleepedf_s2_r1_Pz-Oz_e1,fathon,0.29830606269412874,0,0.0,,sleepedf
sleepedf_s2_r1_Pz-Oz_e2,MFDFA,0.18381778846805974,0,0.0,,sleepedf
sleepedf_s2_r1_Pz-Oz_e2,neurokit2,,0,0.0,ValueError,sleepedf
sleepedf_s2_r1_Pz-Oz_e2,fdnkit,0.22532048154860895,0,0.0,,sleepedf
sleepedf_s2_r1_Pz-Oz_e2,fdnkit_unguarded,0.22532048154860895,0,0.0,,sleepedf
sleepedf_s2_r1_Pz-Oz_e2,fathon,0.2253204815660329,0,0.0,,sleepedf
sleepedf_s2_r1_Pz-Oz_e3,MFDFA,0.10277577255280756,0,0.0,,sleepedf
sleepedf_s2_r1_Pz-Oz_e3,neurokit2,,0,0.0,ValueError,sleepedf
sleepedf_s2_r1_Pz-Oz_e3,fdnkit,0.11429456252361214,0,0.0,,sleepedf
sleepedf_s2_r1_Pz-Oz_e3,fdnkit_unguarded,0.11429456252361214,0,0.0,,sleepedf
sleepedf_s2_r1_Pz-Oz_e3,fathon,0.114294562520449,0,0.0,,sleepedf
sleepedf_s2_r1_Pz-Oz_e4,MFDFA,0.2909496343337564,0,0.0,,sleepedf
sleepedf_s2_r1_Pz-Oz_e4,neurokit2,,0,0.0,ValueError,sleepedf
sleepedf_s2_r1_Pz-Oz_e4,fdnkit,0.27174961087195915,0,0.0,,sleepedf
sleepedf_s2_r1_Pz-Oz_e4,fdnkit_unguarded,0.27174961087195915,0,0.0,,sleepedf
sleepedf_s2_r1_Pz-Oz_e4,fathon,0.27174961087086436,0,0.0,,sleepedf
sleepedf_s3_r1_Fpz-Cz_e0,MFDFA,0.3071273761338955,0,0.0,,sleepedf
sleepedf_s3_r1_Fpz-Cz_e0,neurokit2,,0,0.0,ValueError,sleepedf
sleepedf_s3_r1_Fpz-Cz_e0,fdnkit,0.29484560443344876,0,0.0,,sleepedf
sleepedf_s3_r1_Fpz-Cz_e0,fdnkit_unguarded,0.29484560443344876,0,0.0,,sleepedf
sleepedf_s3_r1_Fpz-Cz_e0,fathon,0.29484560444186736,0,0.0,,sleepedf
sleepedf_s3_r1_Fpz-Cz_e1,MFDFA,0.10239158113185076,0,0.0,,sleepedf
sleepedf_s3_r1_Fpz-Cz_e1,neurokit2,,0,0.0,ValueError,sleepedf
sleepedf_s3_r1_Fpz-Cz_e1,fdnkit,0.10529695547865092,0,0.0,,sleepedf
sleepedf_s3_r1_Fpz-Cz_e1,fdnkit_unguarded,0.10529695547865092,0,0.0,,sleepedf
sleepedf_s3_r1_Fpz-Cz_e1,fathon,0.10529695548416651,0,0.0,,sleepedf
sleepedf_s3_r1_Fpz-Cz_e2,MFDFA,0.2923621386632136,0,0.0,,sleepedf
sleepedf_s3_r1_Fpz-Cz_e2,neurokit2,,0,0.0,ValueError,sleepedf
sleepedf_s3_r1_Fpz-Cz_e2,fdnkit,0.3002248279232109,0,0.0,,sleepedf
sleepedf_s3_r1_Fpz-Cz_e2,fdnkit_unguarded,0.3002248279232109,0,0.0,,sleepedf
sleepedf_s3_r1_Fpz-Cz_e2,fathon,0.3002248279345632,0,0.0,,sleepedf
sleepedf_s3_r1_Fpz-Cz_e3,MFDFA,0.2987789947849504,0,0.0,,sleepedf
sleepedf_s3_r1_Fpz-Cz_e3,neurokit2,,0,0.0,ValueError,sleepedf
sleepedf_s3_r1_Fpz-Cz_e3,fdnkit,0.29622702336917783,0,0.0,,sleepedf
sleepedf_s3_r1_Fpz-Cz_e3,fdnkit_unguarded,0.29622702336917783,0,0.0,,sleepedf
sleepedf_s3_r1_Fpz-Cz_e3,fathon,0.29622702338744766,0,0.0,,sleepedf
sleepedf_s3_r1_Fpz-Cz_e4,MFDFA,0.25437031964357226,0,0.0,,sleepedf
sleepedf_s3_r1_Fpz-Cz_e4,neurokit2,,0,0.0,ValueError,sleepedf
sleepedf_s3_r1_Fpz-Cz_e4,fdnkit,0.2700694608326033,0,0.0,,sleepedf
sleepedf_s3_r1_Fpz-Cz_e4,fdnkit_unguarded,0.2700694608326033,0,0.0,,sleepedf
sleepedf_s3_r1_Fpz-Cz_e4,fathon,0.27006946084047867,0,0.0,,sleepedf
sleepedf_s3_r1_Pz-Oz_e0,MFDFA,0.21515195735298687,0,0.0,,sleepedf
sleepedf_s3_r1_Pz-Oz_e0,neurokit2,,0,0.0,ValueError,sleepedf
sleepedf_s3_r1_Pz-Oz_e0,fdnkit,0.21658690121742563,0,0.0,,sleepedf
sleepedf_s3_r1_Pz-Oz_e0,fdnkit_unguarded,0.21658690121742563,0,0.0,,sleepedf
sleepedf_s3_r1_Pz-Oz_e0,fathon,0.21658690121391566,0,0.0,,sleepedf
sleepedf_s3_r1_Pz-Oz_e1,MFDFA,0.2966370253070034,0,0.0,,sleepedf
sleepedf_s3_r1_Pz-Oz_e1,neurokit2,,0,0.0,ValueError,sleepedf
sleepedf_s3_r1_Pz-Oz_e1,fdnkit,0.3009436533758022,0,0.0,,sleepedf
sleepedf_s3_r1_Pz-Oz_e1,fdnkit_unguarded,0.3009436533758022,0,0.0,,sleepedf
sleepedf_s3_r1_Pz-Oz_e1,fathon,0.30094365338284124,0,0.0,,sleepedf
sleepedf_s3_r1_Pz-Oz_e2,MFDFA,0.1837788592878724,0,0.0,,sleepedf
sleepedf_s3_r1_Pz-Oz_e2,neurokit2,,0,0.0,ValueError,sleepedf
sleepedf_s3_r1_Pz-Oz_e2,fdnkit,0.1706011305536741,0,0.0,,sleepedf
sleepedf_s3_r1_Pz-Oz_e2,fdnkit_unguarded,0.1706011305536741,0,0.0,,sleepedf
sleepedf_s3_r1_Pz-Oz_e2,fathon,0.17060113056033965,0,0.0,,sleepedf
sleepedf_s3_r1_Pz-Oz_e3,MFDFA,0.37911151679632993,0,0.0,,sleepedf
sleepedf_s3_r1_Pz-Oz_e3,neurokit2,0.5360522557721902,0,0.0,,sleepedf
sleepedf_s3_r1_Pz-Oz_e3,fdnkit,0.3823737127211747,0,0.0,,sleepedf
sleepedf_s3_r1_Pz-Oz_e3,fdnkit_unguarded,0.3823737127211747,0,0.0,,sleepedf
sleepedf_s3_r1_Pz-Oz_e3,fathon,0.3823737127177149,0,0.0,,sleepedf
sleepedf_s3_r1_Pz-Oz_e4,MFDFA,0.205537652496952,0,0.0,,sleepedf
sleepedf_s3_r1_Pz-Oz_e4,neurokit2,,0,0.0,ValueError,sleepedf
sleepedf_s3_r1_Pz-Oz_e4,fdnkit,0.17547010265086138,0,0.0,,sleepedf
sleepedf_s3_r1_Pz-Oz_e4,fdnkit_unguarded,0.17547010265086138,0,0.0,,sleepedf
sleepedf_s3_r1_Pz-Oz_e4,fathon,0.17547010264923302,0,0.0,,sleepedf
sleepedf_s4_r1_Fpz-Cz_e0,MFDFA,0.38293263458792137,0,0.0,,sleepedf
sleepedf_s4_r1_Fpz-Cz_e0,neurokit2,0.5365582298791098,0,0.0,,sleepedf
sleepedf_s4_r1_Fpz-Cz_e0,fdnkit,0.4330818980992419,0,0.0,,sleepedf
sleepedf_s4_r1_Fpz-Cz_e0,fdnkit_unguarded,0.4330818980992419,0,0.0,,sleepedf
sleepedf_s4_r1_Fpz-Cz_e0,fathon,0.4330818981133606,0,0.0,,sleepedf
sleepedf_s4_r1_Fpz-Cz_e1,MFDFA,0.41202330699274525,0,0.0,,sleepedf
sleepedf_s4_r1_Fpz-Cz_e1,neurokit2,0.536889210720415,0,0.0,,sleepedf
sleepedf_s4_r1_Fpz-Cz_e1,fdnkit,0.4218475000155337,0,0.0,,sleepedf
sleepedf_s4_r1_Fpz-Cz_e1,fdnkit_unguarded,0.4218475000155337,0,0.0,,sleepedf
sleepedf_s4_r1_Fpz-Cz_e1,fathon,0.4218475000321473,0,0.0,,sleepedf
sleepedf_s4_r1_Fpz-Cz_e2,MFDFA,0.28211804162991005,0,0.0,,sleepedf
sleepedf_s4_r1_Fpz-Cz_e2,neurokit2,,0,0.0,ValueError,sleepedf
sleepedf_s4_r1_Fpz-Cz_e2,fdnkit,0.34598925812491554,0,0.0,,sleepedf
sleepedf_s4_r1_Fpz-Cz_e2,fdnkit_unguarded,0.34598925812491554,0,0.0,,sleepedf
sleepedf_s4_r1_Fpz-Cz_e2,fathon,0.34598925813677495,0,0.0,,sleepedf
sleepedf_s4_r1_Fpz-Cz_e3,MFDFA,0.059055833128607516,0,0.0,,sleepedf
sleepedf_s4_r1_Fpz-Cz_e3,neurokit2,,0,0.0,ValueError,sleepedf
sleepedf_s4_r1_Fpz-Cz_e3,fdnkit,0.0722066379973818,0,0.0,,sleepedf
sleepedf_s4_r1_Fpz-Cz_e3,fdnkit_unguarded,0.0722066379973818,0,0.0,,sleepedf
sleepedf_s4_r1_Fpz-Cz_e3,fathon,0.07220663801250171,0,0.0,,sleepedf
sleepedf_s4_r1_Fpz-Cz_e4,MFDFA,0.16585931821747435,0,0.0,,sleepedf
sleepedf_s4_r1_Fpz-Cz_e4,neurokit2,0.6480713850140082,0,0.0,,sleepedf
sleepedf_s4_r1_Fpz-Cz_e4,fdnkit,0.19051609415095738,0,0.0,,sleepedf
sleepedf_s4_r1_Fpz-Cz_e4,fdnkit_unguarded,0.19051609415095738,0,0.0,,sleepedf
sleepedf_s4_r1_Fpz-Cz_e4,fathon,0.19051609416281967,0,0.0,,sleepedf
sleepedf_s4_r1_Pz-Oz_e0,MFDFA,0.08985429822817159,0,0.0,,sleepedf
sleepedf_s4_r1_Pz-Oz_e0,neurokit2,,0,0.0,ValueError,sleepedf
sleepedf_s4_r1_Pz-Oz_e0,fdnkit,0.06549937603078759,0,0.0,,sleepedf
sleepedf_s4_r1_Pz-Oz_e0,fdnkit_unguarded,0.06549937603078759,0,0.0,,sleepedf
sleepedf_s4_r1_Pz-Oz_e0,fathon,0.06549937604411937,0,0.0,,sleepedf
sleepedf_s4_r1_Pz-Oz_e1,MFDFA,0.32868358383569807,0,0.0,,sleepedf
sleepedf_s4_r1_Pz-Oz_e1,neurokit2,,0,0.0,ValueError,sleepedf
sleepedf_s4_r1_Pz-Oz_e1,fdnkit,0.31033448277923115,0,0.0,,sleepedf
sleepedf_s4_r1_Pz-Oz_e1,fdnkit_unguarded,0.31033448277923115,0,0.0,,sleepedf
sleepedf_s4_r1_Pz-Oz_e1,fathon,0.31033448277011266,0,0.0,,sleepedf
sleepedf_s4_r1_Pz-Oz_e2,MFDFA,0.057280859809877516,0,0.0,,sleepedf
sleepedf_s4_r1_Pz-Oz_e2,neurokit2,,0,0.0,ValueError,sleepedf
sleepedf_s4_r1_Pz-Oz_e2,fdnkit,0.048272558854643766,0,0.0,,sleepedf
sleepedf_s4_r1_Pz-Oz_e2,fdnkit_unguarded,0.048272558854643766,0,0.0,,sleepedf
sleepedf_s4_r1_Pz-Oz_e2,fathon,0.04827255887019133,0,0.0,,sleepedf
sleepedf_s4_r1_Pz-Oz_e3,MFDFA,0.18841898452243389,0,0.0,,sleepedf
sleepedf_s4_r1_Pz-Oz_e3,neurokit2,,0,0.0,ValueError,sleepedf
sleepedf_s4_r1_Pz-Oz_e3,fdnkit,0.17893026432067882,0,0.0,,sleepedf
sleepedf_s4_r1_Pz-Oz_e3,fdnkit_unguarded,0.17893026432067882,0,0.0,,sleepedf
sleepedf_s4_r1_Pz-Oz_e3,fathon,0.17893026434260506,0,0.0,,sleepedf
sleepedf_s4_r1_Pz-Oz_e4,MFDFA,0.508362783469932,0,0.0,,sleepedf
sleepedf_s4_r1_Pz-Oz_e4,neurokit2,,0,0.0,ValueError,sleepedf
sleepedf_s4_r1_Pz-Oz_e4,fdnkit,0.46325045139279697,0,0.0,,sleepedf
sleepedf_s4_r1_Pz-Oz_e4,fdnkit_unguarded,0.46325045139279697,0,0.0,,sleepedf
sleepedf_s4_r1_Pz-Oz_e4,fathon,0.4632504513875404,0,0.0,,sleepedf
sleepedf_s5_r1_Fpz-Cz_e0,MFDFA,0.47365539012823965,0,0.0,,sleepedf
sleepedf_s5_r1_Fpz-Cz_e0,neurokit2,0.32982482471613295,0,0.0,,sleepedf
sleepedf_s5_r1_Fpz-Cz_e0,fdnkit,0.45898199187856936,0,0.0,,sleepedf
sleepedf_s5_r1_Fpz-Cz_e0,fdnkit_unguarded,0.45898199187856936,0,0.0,,sleepedf
sleepedf_s5_r1_Fpz-Cz_e0,fathon,0.45898199188556554,0,0.0,,sleepedf
sleepedf_s5_r1_Fpz-Cz_e1,MFDFA,0.45730924718164623,0,0.0,,sleepedf
sleepedf_s5_r1_Fpz-Cz_e1,neurokit2,0.41036339145552303,0,0.0,,sleepedf
sleepedf_s5_r1_Fpz-Cz_e1,fdnkit,0.45316062194818074,0,0.0,,sleepedf
sleepedf_s5_r1_Fpz-Cz_e1,fdnkit_unguarded,0.45316062194818074,0,0.0,,sleepedf
sleepedf_s5_r1_Fpz-Cz_e1,fathon,0.4531606219575892,0,0.0,,sleepedf
sleepedf_s5_r1_Fpz-Cz_e2,MFDFA,0.36171490660564176,0,0.0,,sleepedf
sleepedf_s5_r1_Fpz-Cz_e2,neurokit2,0.35741778213628134,0,0.0,,sleepedf
sleepedf_s5_r1_Fpz-Cz_e2,fdnkit,0.38418594989464117,0,0.0,,sleepedf
sleepedf_s5_r1_Fpz-Cz_e2,fdnkit_unguarded,0.38418594989464117,0,0.0,,sleepedf
sleepedf_s5_r1_Fpz-Cz_e2,fathon,0.3841859499024288,0,0.0,,sleepedf
sleepedf_s5_r1_Fpz-Cz_e3,MFDFA,0.4585005842071943,0,0.0,,sleepedf
sleepedf_s5_r1_Fpz-Cz_e3,neurokit2,0.5096974861377168,0,0.0,,sleepedf
sleepedf_s5_r1_Fpz-Cz_e3,fdnkit,0.4414615261783299,0,0.0,,sleepedf
sleepedf_s5_r1_Fpz-Cz_e3,fdnkit_unguarded,0.4414615261783299,0,0.0,,sleepedf
sleepedf_s5_r1_Fpz-Cz_e3,fathon,0.4414615261900643,0,0.0,,sleepedf
sleepedf_s5_r1_Fpz-Cz_e4,MFDFA,0.5955270116314428,0,0.0,,sleepedf
sleepedf_s5_r1_Fpz-Cz_e4,neurokit2,0.31265319231610356,0,0.0,,sleepedf
sleepedf_s5_r1_Fpz-Cz_e4,fdnkit,0.6101422277649882,0,0.0,,sleepedf
sleepedf_s5_r1_Fpz-Cz_e4,fdnkit_unguarded,0.6101422277649882,0,0.0,,sleepedf
sleepedf_s5_r1_Fpz-Cz_e4,fathon,0.6101422277730504,0,0.0,,sleepedf
sleepedf_s5_r1_Pz-Oz_e0,MFDFA,0.2163057551572405,0,0.0,,sleepedf
sleepedf_s5_r1_Pz-Oz_e0,neurokit2,,0,0.0,ValueError,sleepedf
sleepedf_s5_r1_Pz-Oz_e0,fdnkit,0.22433247930937217,0,0.0,,sleepedf
sleepedf_s5_r1_Pz-Oz_e0,fdnkit_unguarded,0.22433247930937217,0,0.0,,sleepedf
sleepedf_s5_r1_Pz-Oz_e0,fathon,0.2243324793157031,0,0.0,,sleepedf
sleepedf_s5_r1_Pz-Oz_e1,MFDFA,0.11485006317185453,0,0.0,,sleepedf
sleepedf_s5_r1_Pz-Oz_e1,neurokit2,,0,0.0,ValueError,sleepedf
sleepedf_s5_r1_Pz-Oz_e1,fdnkit,0.09229538864031084,0,0.0,,sleepedf
sleepedf_s5_r1_Pz-Oz_e1,fdnkit_unguarded,0.09229538864031084,0,0.0,,sleepedf
sleepedf_s5_r1_Pz-Oz_e1,fathon,0.09229538863019271,0,0.0,,sleepedf
sleepedf_s5_r1_Pz-Oz_e2,MFDFA,0.3870283255984559,0,0.0,,sleepedf
sleepedf_s5_r1_Pz-Oz_e2,neurokit2,,0,0.0,ValueError,sleepedf
sleepedf_s5_r1_Pz-Oz_e2,fdnkit,0.37716145588632655,0,0.0,,sleepedf
sleepedf_s5_r1_Pz-Oz_e2,fdnkit_unguarded,0.37716145588632655,0,0.0,,sleepedf
sleepedf_s5_r1_Pz-Oz_e2,fathon,0.377161455900753,0,0.0,,sleepedf
sleepedf_s5_r1_Pz-Oz_e3,MFDFA,0.14823992807661557,0,0.0,,sleepedf
sleepedf_s5_r1_Pz-Oz_e3,neurokit2,0.4234488195352544,0,0.0,,sleepedf
sleepedf_s5_r1_Pz-Oz_e3,fdnkit,0.17140374324407603,0,0.0,,sleepedf
sleepedf_s5_r1_Pz-Oz_e3,fdnkit_unguarded,0.17140374324407603,0,0.0,,sleepedf
sleepedf_s5_r1_Pz-Oz_e3,fathon,0.17140374323686447,0,0.0,,sleepedf
sleepedf_s5_r1_Pz-Oz_e4,MFDFA,0.23221504059959974,0,0.0,,sleepedf
sleepedf_s5_r1_Pz-Oz_e4,neurokit2,0.36768841766410587,0,0.0,,sleepedf
sleepedf_s5_r1_Pz-Oz_e4,fdnkit,0.24166785055767226,0,0.0,,sleepedf
sleepedf_s5_r1_Pz-Oz_e4,fdnkit_unguarded,0.24166785055767226,0,0.0,,sleepedf
sleepedf_s5_r1_Pz-Oz_e4,fathon,0.24166785055355466,0,0.0,,sleepedf
sleepedf_s6_r1_Fpz-Cz_e0,MFDFA,0.305105293373216,0,0.0,,sleepedf
sleepedf_s6_r1_Fpz-Cz_e0,neurokit2,0.4177628508084457,0,0.0,,sleepedf
sleepedf_s6_r1_Fpz-Cz_e0,fdnkit,0.2996023801763692,0,0.0,,sleepedf
sleepedf_s6_r1_Fpz-Cz_e0,fdnkit_unguarded,0.2996023801763692,0,0.0,,sleepedf
sleepedf_s6_r1_Fpz-Cz_e0,fathon,0.2996023801808201,0,0.0,,sleepedf
sleepedf_s6_r1_Fpz-Cz_e1,MFDFA,0.44001939822217295,1,0.00085,,sleepedf
sleepedf_s6_r1_Fpz-Cz_e1,neurokit2,0.29577140224072607,1,0.00085,,sleepedf
sleepedf_s6_r1_Fpz-Cz_e1,fdnkit,0.4489871456529855,1,0.00085,,sleepedf
sleepedf_s6_r1_Fpz-Cz_e1,fdnkit_unguarded,0.4489871456529855,1,0.00085,,sleepedf
sleepedf_s6_r1_Fpz-Cz_e1,fathon,0.44898714565808684,1,0.00085,,sleepedf
sleepedf_s6_r1_Fpz-Cz_e2,MFDFA,0.4428814125366578,0,0.0,,sleepedf
sleepedf_s6_r1_Fpz-Cz_e2,neurokit2,0.298826042703386,0,0.0,,sleepedf
sleepedf_s6_r1_Fpz-Cz_e2,fdnkit,0.4634745731076517,0,0.0,,sleepedf
sleepedf_s6_r1_Fpz-Cz_e2,fdnkit_unguarded,0.4634745731076517,0,0.0,,sleepedf
sleepedf_s6_r1_Fpz-Cz_e2,fathon,0.46347457312133933,0,0.0,,sleepedf
sleepedf_s6_r1_Fpz-Cz_e3,MFDFA,0.2781515478690131,0,0.0,,sleepedf
sleepedf_s6_r1_Fpz-Cz_e3,neurokit2,0.531966148446331,0,0.0,,sleepedf
sleepedf_s6_r1_Fpz-Cz_e3,fdnkit,0.29727885362908635,0,0.0,,sleepedf
sleepedf_s6_r1_Fpz-Cz_e3,fdnkit_unguarded,0.29727885362908635,0,0.0,,sleepedf
sleepedf_s6_r1_Fpz-Cz_e3,fathon,0.2972788536333574,0,0.0,,sleepedf
sleepedf_s6_r1_Fpz-Cz_e4,MFDFA,0.3026687325721592,0,0.0,,sleepedf
sleepedf_s6_r1_Fpz-Cz_e4,neurokit2,0.22002598701621212,0,0.0,,sleepedf
sleepedf_s6_r1_Fpz-Cz_e4,fdnkit,0.29316672484784,0,0.0,,sleepedf
sleepedf_s6_r1_Fpz-Cz_e4,fdnkit_unguarded,0.29316672484784,0,0.0,,sleepedf
sleepedf_s6_r1_Fpz-Cz_e4,fathon,0.2931667248502151,0,0.0,,sleepedf
sleepedf_s6_r1_Pz-Oz_e0,MFDFA,0.05992254446997425,0,0.0,,sleepedf
sleepedf_s6_r1_Pz-Oz_e0,neurokit2,,0,0.0,ValueError,sleepedf
sleepedf_s6_r1_Pz-Oz_e0,fdnkit,0.061066895399924714,0,0.0,,sleepedf
sleepedf_s6_r1_Pz-Oz_e0,fdnkit_unguarded,0.061066895399924714,0,0.0,,sleepedf
sleepedf_s6_r1_Pz-Oz_e0,fathon,0.0610668953853013,0,0.0,,sleepedf
sleepedf_s6_r1_Pz-Oz_e1,MFDFA,0.04199267917541727,0,0.0,,sleepedf
sleepedf_s6_r1_Pz-Oz_e1,neurokit2,,0,0.0,ValueError,sleepedf
sleepedf_s6_r1_Pz-Oz_e1,fdnkit,0.04370414239483389,0,0.0,,sleepedf
sleepedf_s6_r1_Pz-Oz_e1,fdnkit_unguarded,0.04370414239483389,0,0.0,,sleepedf
sleepedf_s6_r1_Pz-Oz_e1,fathon,0.04370414240532661,0,0.0,,sleepedf
sleepedf_s6_r1_Pz-Oz_e2,MFDFA,0.24875472664299358,0,0.0,,sleepedf
sleepedf_s6_r1_Pz-Oz_e2,neurokit2,,0,0.0,ValueError,sleepedf
sleepedf_s6_r1_Pz-Oz_e2,fdnkit,0.24139327308681646,0,0.0,,sleepedf
sleepedf_s6_r1_Pz-Oz_e2,fdnkit_unguarded,0.24139327308681646,0,0.0,,sleepedf
sleepedf_s6_r1_Pz-Oz_e2,fathon,0.24139327312077175,0,0.0,,sleepedf
sleepedf_s6_r1_Pz-Oz_e3,MFDFA,0.20503349964544348,0,0.0,,sleepedf
sleepedf_s6_r1_Pz-Oz_e3,neurokit2,,0,0.0,ValueError,sleepedf
sleepedf_s6_r1_Pz-Oz_e3,fdnkit,0.21349874051234563,0,0.0,,sleepedf
sleepedf_s6_r1_Pz-Oz_e3,fdnkit_unguarded,0.21349874051234563,0,0.0,,sleepedf
sleepedf_s6_r1_Pz-Oz_e3,fathon,0.21349874051995277,0,0.0,,sleepedf
sleepedf_s6_r1_Pz-Oz_e4,MFDFA,0.27941898736078996,0,0.0,,sleepedf
sleepedf_s6_r1_Pz-Oz_e4,neurokit2,,0,0.0,ValueError,sleepedf
sleepedf_s6_r1_Pz-Oz_e4,fdnkit,0.2816196269544087,0,0.0,,sleepedf
sleepedf_s6_r1_Pz-Oz_e4,fdnkit_unguarded,0.2816196269544087,0,0.0,,sleepedf
sleepedf_s6_r1_Pz-Oz_e4,fathon,0.28161962696640164,0,0.0,,sleepedf
sleepedf_s7_r1_Fpz-Cz_e0,MFDFA,0.25426686391304076,0,0.0,,sleepedf
sleepedf_s7_r1_Fpz-Cz_e0,neurokit2,,0,0.0,ValueError,sleepedf
sleepedf_s7_r1_Fpz-Cz_e0,fdnkit,0.2405729081021899,0,0.0,,sleepedf
sleepedf_s7_r1_Fpz-Cz_e0,fdnkit_unguarded,0.2405729081021899,0,0.0,,sleepedf
sleepedf_s7_r1_Fpz-Cz_e0,fathon,0.24057290811027943,0,0.0,,sleepedf
sleepedf_s7_r1_Fpz-Cz_e1,MFDFA,0.3476086380201563,0,0.0,,sleepedf
sleepedf_s7_r1_Fpz-Cz_e1,neurokit2,,0,0.0,ValueError,sleepedf
sleepedf_s7_r1_Fpz-Cz_e1,fdnkit,0.3298924083773964,0,0.0,,sleepedf
sleepedf_s7_r1_Fpz-Cz_e1,fdnkit_unguarded,0.3298924083773964,0,0.0,,sleepedf
sleepedf_s7_r1_Fpz-Cz_e1,fathon,0.32989240838637357,0,0.0,,sleepedf
sleepedf_s7_r1_Fpz-Cz_e2,MFDFA,0.21166054381386945,0,0.0,,sleepedf
sleepedf_s7_r1_Fpz-Cz_e2,neurokit2,,0,0.0,ValueError,sleepedf
sleepedf_s7_r1_Fpz-Cz_e2,fdnkit,0.2187819887876078,0,0.0,,sleepedf
sleepedf_s7_r1_Fpz-Cz_e2,fdnkit_unguarded,0.2187819887876078,0,0.0,,sleepedf
sleepedf_s7_r1_Fpz-Cz_e2,fathon,0.2187819888066901,0,0.0,,sleepedf
sleepedf_s7_r1_Fpz-Cz_e3,MFDFA,0.46345975687997265,0,0.0,,sleepedf
sleepedf_s7_r1_Fpz-Cz_e3,neurokit2,0.3517510538718055,0,0.0,,sleepedf
sleepedf_s7_r1_Fpz-Cz_e3,fdnkit,0.46815624016455937,0,0.0,,sleepedf
sleepedf_s7_r1_Fpz-Cz_e3,fdnkit_unguarded,0.46815624016455937,0,0.0,,sleepedf
sleepedf_s7_r1_Fpz-Cz_e3,fathon,0.4681562401734223,0,0.0,,sleepedf
sleepedf_s7_r1_Fpz-Cz_e4,MFDFA,0.3247600097718588,0,0.0,,sleepedf
sleepedf_s7_r1_Fpz-Cz_e4,neurokit2,0.5048010718289327,0,0.0,,sleepedf
sleepedf_s7_r1_Fpz-Cz_e4,fdnkit,0.3016427338882599,0,0.0,,sleepedf
sleepedf_s7_r1_Fpz-Cz_e4,fdnkit_unguarded,0.3016427338882599,0,0.0,,sleepedf
sleepedf_s7_r1_Fpz-Cz_e4,fathon,0.30164273389545126,0,0.0,,sleepedf
sleepedf_s7_r1_Pz-Oz_e0,MFDFA,0.15940322683813313,0,0.0,,sleepedf
sleepedf_s7_r1_Pz-Oz_e0,neurokit2,,0,0.0,ValueError,sleepedf
sleepedf_s7_r1_Pz-Oz_e0,fdnkit,0.1670449572504098,0,0.0,,sleepedf
sleepedf_s7_r1_Pz-Oz_e0,fdnkit_unguarded,0.1670449572504098,0,0.0,,sleepedf
sleepedf_s7_r1_Pz-Oz_e0,fathon,0.16704495725654,0,0.0,,sleepedf
sleepedf_s7_r1_Pz-Oz_e1,MFDFA,0.24163994754490103,0,0.0,,sleepedf
sleepedf_s7_r1_Pz-Oz_e1,neurokit2,,0,0.0,ValueError,sleepedf
sleepedf_s7_r1_Pz-Oz_e1,fdnkit,0.2535631787871834,0,0.0,,sleepedf
sleepedf_s7_r1_Pz-Oz_e1,fdnkit_unguarded,0.2535631787871834,0,0.0,,sleepedf
sleepedf_s7_r1_Pz-Oz_e1,fathon,0.2535631787828019,0,0.0,,sleepedf
sleepedf_s7_r1_Pz-Oz_e2,MFDFA,0.25485809622778666,0,0.0,,sleepedf
sleepedf_s7_r1_Pz-Oz_e2,neurokit2,,0,0.0,ValueError,sleepedf
sleepedf_s7_r1_Pz-Oz_e2,fdnkit,0.247329207784454,0,0.0,,sleepedf
sleepedf_s7_r1_Pz-Oz_e2,fdnkit_unguarded,0.247329207784454,0,0.0,,sleepedf
sleepedf_s7_r1_Pz-Oz_e2,fathon,0.24732920777265832,0,0.0,,sleepedf
sleepedf_s7_r1_Pz-Oz_e3,MFDFA,0.18493240617967255,0,0.0,,sleepedf
sleepedf_s7_r1_Pz-Oz_e3,neurokit2,,0,0.0,ValueError,sleepedf
sleepedf_s7_r1_Pz-Oz_e3,fdnkit,0.19310160620778005,0,0.0,,sleepedf
sleepedf_s7_r1_Pz-Oz_e3,fdnkit_unguarded,0.19310160620778005,0,0.0,,sleepedf
sleepedf_s7_r1_Pz-Oz_e3,fathon,0.19310160620438588,0,0.0,,sleepedf
sleepedf_s7_r1_Pz-Oz_e4,MFDFA,0.0740275982716766,0,0.0,,sleepedf
sleepedf_s7_r1_Pz-Oz_e4,neurokit2,,0,0.0,ValueError,sleepedf
sleepedf_s7_r1_Pz-Oz_e4,fdnkit,0.097827776599545,0,0.0,,sleepedf
sleepedf_s7_r1_Pz-Oz_e4,fdnkit_unguarded,0.097827776599545,0,0.0,,sleepedf
sleepedf_s7_r1_Pz-Oz_e4,fathon,0.09782777660974551,0,0.0,,sleepedf
