signal,package,delta_h,h_q2,max_abs_err_vs_truth,seconds,error
fgn_H0.3,MFDFA,0.04076702236541163,0.30541953196502103,0.035914938772974914,0.01,
fgn_H0.3,neurokit2,0.04048134538433851,0.3027463790777184,0.03284208799190347,0.037,
fgn_H0.3,fdnkit,0.04549632108776036,0.3018634303242264,0.03487720177958642,0.087,
fgn_H0.3,fdnkit_unguarded,0.04549632108776036,0.3018634303242264,0.03487720177958642,0.088,
fgn_H0.3,nolds,,,,0.151,
fgn_H0.3,fathon,0.045496321087759806,0.30186343032422636,0.03487720177958603,0.274,
fgn_H0.5,MFDFA,0.036610133044404136,0.49699206531513773,0.02436558801526789,0.006,
fgn_H0.5,neurokit2,0.03220318353901647,0.49464386098155494,0.0181195228085691,0.038,
fgn_H0.5,fdnkit,0.045202763278977265,0.49273916949350893,0.024602952698932645,0.092,
fgn_H0.5,fdnkit_unguarded,0.045202763278977265,0.49273916949350893,0.024602952698932645,0.121,
fgn_H0.5,nolds,,,,0.18,
fgn_H0.5,fathon,0.04520276327897654,0.4927391694935091,0.0246029526989322,0.245,
fgn_H0.7,MFDFA,0.03680769547266749,0.6893168331137663,0.02049184591565223,0.012,
fgn_H0.7,neurokit2,0.020709993577650354,0.6888371505456486,0.01898540344747235,0.044,
fgn_H0.7,fdnkit,0.04673002260804293,0.6851928452520407,0.029768854507510656,0.087,
fgn_H0.7,fdnkit_unguarded,0.04673002260804293,0.6851928452520407,0.029768854507510656,0.09,
fgn_H0.7,nolds,,,,0.149,
fgn_H0.7,fathon,0.04673002260804082,0.6851928452520394,0.029768854507511655,0.25,
fgn_H0.9,MFDFA,0.03992083481236619,0.8818802046040718,0.02898124464905516,0.006,
fgn_H0.9,neurokit2,0.007779558682746712,0.8847792114633487,0.022534760230528694,0.036,
fgn_H0.9,fdnkit,0.048075619256138125,0.8785339799487278,0.0373304525895336,0.091,
fgn_H0.9,fdnkit_unguarded,0.048075619256138125,0.8785339799487278,0.0373304525895336,0.089,
fgn_H0.9,nolds,,,,0.148,
fgn_H0.9,fathon,0.04807561925615056,0.878533979948727,0.037330452589533714,0.281,
cascade_p0.3,MFDFA,0.7072581384639869,0.9086691068942967,0.12461194015567711,0.007,
cascade_p0.3,neurokit2,0.7531332240180425,0.9233790112012175,0.0552021077373559,0.034,
cascade_p0.3,fdnkit,0.8072773253772209,0.896497334752989,0.053973481784858945,0.077,
cascade_p0.3,fdnkit_unguarded,0.8072773253772209,0.896497334752989,0.053973481784858945,0.072,
cascade_p0.3,nolds,,,,0.128,
cascade_p0.3,fathon,0.8072773253782237,0.8964973347529854,0.05397348178385708,0.234,
white_noise,MFDFA,0.0014651325950048033,0.4919126364480998,0.00955249614690501,0.006,
white_noise,neurokit2,0.008119309700961308,0.4961665857563444,0.008658690295918148,0.047,
white_noise,fdnkit,0.003630074348643597,0.4938943639586906,0.009517748914122603,0.09,
white_noise,fdnkit_unguarded,0.003630074348643597,0.4938943639586906,0.009517748914122603,0.089,
white_noise,nolds,,,,0.15,
white_noise,fathon,0.0036300743486444853,0.4938943639586903,0.00951774891412438,0.248,
fgn_H0.7_flat1x32,MFDFA,9.896196822012458,0.6932515003564709,9.88035841087468,0.007,
fgn_H0.7_flat1x32,neurokit2,0.023924862994267104,0.6917205971765361,0.016079323419650016,0.039,
fgn_H0.7_flat1x32,fdnkit,1.8009549614284446,0.6887747932691459,1.7765382079849645,0.091,
fgn_H0.7_flat1x32,fdnkit_unguarded,9.771399574955684,0.6887747933954323,9.746982821512205,0.095,
fgn_H0.7_flat1x32,nolds,,,,0.15,
fgn_H0.7_flat1x32,fathon,8.614778074974959,0.6887747933954322,8.590361321531478,0.249,
fgn_H0.7_flat5x32,MFDFA,11.070404924099803,0.6977020975715184,11.059283300532911,0.007,
fgn_H0.7_flat5x32,neurokit2,1.602135095683331,0.6957039992142422,1.5899114668781695,0.037,
fgn_H0.7_flat5x32,fdnkit,2.282543978282368,0.6923076386173945,2.2623555653107017,0.091,
fgn_H0.7_flat5x32,fdnkit_unguarded,10.622843783703875,0.6923076389875912,10.602655370732208,0.084,
fgn_H0.7_flat5x32,nolds,,,,0.153,
fgn_H0.7_flat5x32,fathon,0.016849331314666927,0.6923076389875904,0.020188412971666847,0.269,
fgn_H0.7_flat20x64,MFDFA,12.182011980600409,0.8108619976136013,12.274095166138114,0.008,
fgn_H0.7_flat20x64,neurokit2,1.4683719893770353,0.8062583505068961,1.5431842993042537,0.043,
fgn_H0.7_flat20x64,fdnkit,2.8152563857931696,0.8069601291338465,2.9025832930488997,0.089,
fgn_H0.7_flat20x64,fdnkit_unguarded,15.943063324860269,0.8069601364285581,16.03040849402414,0.087,
fgn_H0.7_flat20x64,nolds,,,,0.151,
fgn_H0.7_flat20x64,fathon,14.305819547615442,0.806960136428558,14.393164716779276,0.236,
eegbci_s1_r4_Fc5,MFDFA,18.38786529336811,1.134897635248809,,0.008,
eegbci_s1_r4_Fc5,neurokit2,0.4787928517611819,0.8252612956410458,,0.038,
eegbci_s1_r4_Fc5,fdnkit,2.494740388035348,1.1315681322460975,,0.091,
eegbci_s1_r4_Fc5,fdnkit_unguarded,11.597840467142223,1.1315681327165907,,0.091,
eegbci_s1_r4_Fc5,nolds,,,,0.148,
eegbci_s1_r4_Fc5,fathon,14.644025068010968,1.1315681327180263,,0.257,
eegbci_s1_r4_Fc3,MFDFA,17.180097569865016,1.0955390459758236,,0.006,
eegbci_s1_r4_Fc3,neurokit2,0.3916465456881576,0.8175907657126789,,0.037,
eegbci_s1_r4_Fc3,fdnkit,2.5710630368592695,1.0903271405417634,,0.089,
eegbci_s1_r4_Fc3,fdnkit_unguarded,11.722551446771648,1.0903271410411075,,0.082,
eegbci_s1_r4_Fc3,nolds,,,,0.151,
eegbci_s1_r4_Fc3,fathon,13.594948961977751,1.0903271410424389,,0.25,
eegbci_s1_r4_Fc1,MFDFA,16.884820691910875,1.0923374588731543,,0.006,
eegbci_s1_r4_Fc1,neurokit2,0.37616436561965305,0.8330065951653552,,0.039,
eegbci_s1_r4_Fc1,fdnkit,2.5689367660633406,1.0846704192548198,,0.083,
eegbci_s1_r4_Fc1,fdnkit_unguarded,11.742002260620717,1.084670419766306,,0.087,
eegbci_s1_r4_Fc1,nolds,,,,0.15,
eegbci_s1_r4_Fc1,fathon,13.525857553106807,1.0846704197675952,,0.237,
